Price,Size,Rooms,Neighborhood,New_Renovated,Furnished,Balcony_Terrace,Sauna,Parking
470,17.9,1.0,Ülejõe,1,1,0,0,0
280,28.0,1.0,Raadi-Kruusamäe,0,0,0,1,0
620,48.5,2.0,Vaksali,1,0,1,0,0
600,46.1,2.0,Annelinn,1,0,0,0,0
585,45.2,2.0,Annelinn,1,0,1,0,0
370,15.5,1.0,Ülejõe,1,0,0,0,0
565,62.0,3.0,Annelinn,1,0,0,0,0
230,18.0,1.0,Ropka,1,0,0,0,0
260,33.0,1.0,Veeriku,1,0,1,0,0
550,78.0,4.0,Annelinn,0,0,0,0,0
540,39.4,2.0,Vaksali,1,0,0,0,0
999,130.0,4.0,Tähtvere,1,0,0,1,0
460,30.0,1.0,Kesklinn,1,0,0,0,0
300,40.0,1.0,Annelinn,1,0,0,0,0
740,52.3,2.0,Kesklinn,1,0,0,0,1
475,39.0,2.0,Karlova,0,0,0,0,0
550,59.7,2.0,Ülejõe,1,0,0,0,0
345,20.0,1.0,Supilinn,1,0,0,0,0
660,50.2,2.0,Raadi-Kruusamäe,1,0,0,0,0
900,68.5,2.0,Kesklinn,1,0,0,0,0
520,61.3,3.0,Ülejõe,1,0,0,0,0
280,18.4,1.0,Karlova,1,0,0,0,0
575,63.0,2.0,Supilinn,1,0,0,0,0
1450,122.5,6.0,Supilinn,0,0,0,1,0
750,85.2,4.0,Vorbuse,1,0,0,0,0
770,76.5,3.0,Ropka tööstusrajoon,1,0,0,0,0
949,32.3,2.0,Kesklinn,1,0,0,0,0
999,32.2,2.0,Kesklinn,1,1,0,0,0
450,29.8,1.0,Ränilinn,1,0,0,0,0
430,45.4,2.0,Vaksali,1,0,0,0,0
590,34.5,2.0,Karlova,1,0,0,0,0
259,20.0,1.0,Karlova,1,0,0,1,0
750,65.5,3.0,Raadi-Kruusamäe,1,0,1,0,0
450,45.1,2.0,Ülikooli 6,1,0,0,0,0
240,20.0,1.0,Karlova,0,0,0,0,0
595,63.0,3.0,Annelinn,1,0,0,0,0
690,61.7,3.0,Supilinn,1,0,0,0,0
230,27.3,1.0,Karlova,1,0,0,0,0
550,52.1,2.0,Annelinn,1,0,1,0,0
720,66.3,2.0,Ülejõe,1,0,0,0,0
580,32.9,2.0,Karlova,1,0,0,0,0
325,16.5,1.0,Narvamäe,1,0,0,0,0
375,35.0,1.0,Karlova,1,0,0,0,0
650,37.0,2.0,Tähtvere,1,0,0,0,0
340,16.0,1.0,Maarjamõisa,1,0,0,0,0
590,55.0,2.0,Ihaste,0,0,0,0,0
560,49.2,2.0,Ränilinn,1,0,1,0,0
330,25.0,1.0,Maarjamõisa,1,0,0,0,0
600,51.0,2.0,Ropka,1,0,0,0,0
310,15.5,1.0,Kesklinn,1,0,0,0,0
350,24.0,1.0,Tiigi tn. 6,1,0,0,0,0
750,47.0,2.0,Karlova,1,0,1,0,0
470,50.0,2.0,Ülejõe,1,0,0,0,0
825,53.9,3.0,Annelinn,1,0,0,0,0
250,67.0,1.0,Tähtvere,1,0,0,0,0
600,54.1,2.0,Kesklinn,1,0,0,0,0
530,60.0,2.0,Ihaste,1,0,0,0,0
430,48.0,1.0,Karlova,1,0,0,0,0
520,39.7,2.0,Kesklinn,1,0,0,0,0
420,39.0,2.0,Ülejõe,1,0,0,0,0
205,15.0,1.0,Tammelinn,0,0,0,0,0
615,46.4,2.0,Jaamamõisa,1,0,0,0,0
650,45.4,2.0,Kesklinn,1,0,0,0,0
550,44.8,2.0,Tähtvere,1,0,0,0,0
450,23.0,1.0,Kesklinn,1,0,0,0,0
590,45.1,2.0,Raadi-Kruusamäe,1,1,1,0,0
400,15.9,1.0,Ülejõe,1,0,0,0,0
750,51.9,2.0,Kesklinn,1,0,0,0,0
325,15.0,1.0,Kesklinn,1,0,0,0,0
420,16.0,1.0,Karlova,1,0,0,0,0
425,20.9,1.0,Ülejõe,1,0,0,0,0
500,49.0,2.0,Ropka tööstusrajoon,1,0,0,0,0
400,49.1,2.0,Annelinn,1,0,0,0,0
430,34.0,1.0,Vaksali,1,1,1,0,0
575,50.2,3.0,Ülejõe,1,0,0,0,0
650,40.1,2.0,Karlova,1,0,0,0,0
460,47.9,2.0,Karlova,1,0,0,0,0
270,65.0,3.0,Ülejõe,1,0,0,0,0
525,43.0,2.0,Kesklinn,1,0,0,0,0
420,30.0,2.0,Veeriku,1,0,0,0,0
570,41.3,2.0,Ülejõe,1,0,0,0,0
520,28.0,2.0,Maarjamõisa,1,0,1,0,0
560,80.0,3.0,Ropka tööstusrajoon,1,0,0,0,0
320,25.0,1.0,Karlova,1,0,0,0,0
500,47.2,2.0,Jaamamõisa,1,0,1,0,0
420,40.1,2.0,Ülejõe,1,0,0,0,0
400,35.2,2.0,Tammelinn,1,0,0,0,0
650,70.0,2.0,Karlova,1,0,0,0,0
350,24.0,1.0,Karlova,1,0,0,0,0
430,46.0,2.0,Ülejõe,0,0,0,0,0
400,44.0,2.0,Raadi-Kruusamäe,1,0,0,0,0
440,17.2,1.0,Apartments at hugo.stay,1,0,0,0,0
490,42.0,2.0,Vaksali,1,0,0,0,0
450,33.4,1.0,Ülejõe,1,0,0,0,0
425,49.0,2.0,Annelinn,1,0,0,0,0
400,38.3,1.0,Raadi alev,1,0,0,0,0
440,38.9,2.0,Kesklinn,1,1,0,0,0
550,34.4,1.0,Kesklinn,1,0,0,0,0
670,57.5,2.0,Kesklinn,1,0,0,0,0
400,38.4,2.0,Karlova,1,0,0,0,0
550,47.8,2.0,Kesklinn,1,0,0,0,0
390,27.0,1.0,Jaamamõisa,1,0,0,0,0
360,23.4,1.0,Ränilinn,1,0,1,0,0
400,28.1,2.0,Karlova,1,0,0,0,0
570,34.2,2.0,Kesklinn,1,0,0,0,0
420,30.0,1.0,Tartu linn,1,0,0,0,0
560,37.0,2.0,Kesklinn,1,0,0,0,0
370,33.1,1.0,Annelinn,1,0,0,0,0
480,65.0,2.0,Tammelinn,1,0,0,0,0
550,49.1,2.0,Raadi-Kruusamäe,1,0,0,0,0
450,45.7,2.0,Annelinn,1,0,0,0,0
280,33.7,1.0,Annelinn,0,0,0,0,0
595,51.0,2.0,Tammelinn,1,0,0,0,0
465,48.0,2.0,Ropka,1,0,0,0,0
195,12.0,1.0,Ülejõe,1,0,0,0,0
380,29.0,1.0,Kesklinn,1,1,0,0,0
700,40.0,2.0,Kesklinn,1,0,0,1,0
425,33.6,1.0,Ropka,1,0,0,0,0
550,43.8,2.0,Ülejõe,1,0,0,0,0
850,56.1,2.0,Ülejõe,1,0,1,0,0
250,21.4,1.0,Kesklinn,1,0,0,1,0
750,20.0,1.0,Kesklinn,1,0,0,0,0
630,44.0,2.0,Ränilinn,1,0,1,0,0
500,41.2,2.0,Karlova,1,0,0,0,0
310,27.8,1.0,Annelinn,0,0,0,0,0
370,12.0,1.0,Südalinn,1,0,0,0,0
480,47.9,2.0,Ropka,1,0,0,0,0
645,62.2,2.0,Kesklinn,1,0,0,0,0
300,27.3,1.0,Kesklinn,0,0,0,0,0
950,87.8,3.0,Karlova,1,0,0,0,0
600,57.5,2.0,Ülejõe,1,0,0,0,0
380,15.4,1.0,Kesklinn,1,0,0,0,0
570,23.4,1.0,Kesklinn,1,0,1,0,0
1100,83.6,4.0,Raadi-Kruusamäe,1,0,0,0,0
420,39.6,1.0,Ülejõe,1,0,0,0,0
600,34.8,2.0,Jaamamõisa,1,0,0,0,0
370,66.0,3.0,Annelinn,1,0,0,0,0
475,43.2,2.0,Annelinn,0,0,0,0,0
555,38.8,2.0,Kesklinn,1,0,0,0,0
900,102.0,5.0,Annelinn,1,0,0,0,0
220,28.0,1.0,Kesklinn,0,0,0,0,0
230,26.0,1.0,Raadi-Kruusamäe,1,0,0,0,0
450,40.7,2.0,Korter vabaneb 1.10.2026.,1,0,0,0,0
400,43.2,2.0,Ülejõe,1,0,0,0,0
400,15.0,1.0,Annelinn,1,0,0,0,0
390,46.4,2.0,Ränilinn,1,0,0,0,0
315,16.8,1.0,Kesklinn,1,0,0,0,0
590,47.5,2.0,Ränilinn,1,0,0,0,0
450,26.9,2.0,Ülejõe,1,0,0,0,0
540,33.0,1.0,Kesklinn,1,0,0,0,0
590,50.0,3.0,Ülejõe,1,0,0,0,0
580,58.9,2.0,Kesklinn,0,0,0,0,0
500,34.8,1.0,Tammelinn,1,0,0,0,0
320,33.5,1.0,Ees-Annelinn,0,0,0,0,0
550,60.9,1.0,Kesklinn,1,0,0,0,0
650,48.1,2.0,Raadi-Kruusamäe,1,0,0,0,0
700,65.5,3.0,Taga-Annelinna,1,0,0,0,0
650,44.0,2.0,Kesklinn,1,0,0,0,0
230,17.0,1.0,Kesklinn,1,1,0,0,0
840,110.0,3.0,Kesklinn,0,0,0,1,0
390,47.2,2.0,Raadi-Kruusamäe,0,0,0,0,0
520,56.0,3.0,Ropka tööstusrajoon,1,0,0,0,0
210,26.0,1.0,Raadi-Kruusamäe,1,0,0,0,0
390,31.9,1.0,Veeriku,1,0,0,0,0
395,34.0,1.0,Kesklinn,1,0,0,0,0
335,20.0,1.0,Ülejõe,1,0,0,0,0
550,27.5,2.0,Vaksali,1,0,0,0,0
495,43.0,2.0,Ülejõe,1,0,1,0,0
300,28.0,2.0,Ülejõe,1,0,0,0,0
240,11.0,1.0,Kesklinn,1,0,0,0,0
275,29.0,1.0,Maarjamõisa,0,0,0,0,0
560,28.1,1.0,Kesklinn,1,1,0,0,0
650,67.0,3.0,Kesklinn,1,0,0,0,0
440,45.3,2.0,Veeriku,0,0,0,0,0
420,47.9,2.0,Ülejõe,0,0,0,0,0
550,46.9,3.0,Ränilinn,1,0,0,0,0
1100,86.8,4.0,Raadi,1,0,0,1,0
360,37.4,2.0,Annelinn,0,0,0,0,0
280,13.2,1.0,Vaksali,1,1,0,0,0
260,30.0,1.0,Annelinn,1,0,0,0,0
310,15.0,1.0,Annelinn,1,0,0,0,0
400,40.0,2.0,Kesklinn,1,0,0,0,0
310,31.0,1.0,Annelinn,1,0,1,0,0
350,30.0,1.0,Ülejõe,0,0,0,0,0
500,32.4,1.0,Kesklinna piiril,1,0,0,0,0
480,40.5,2.0,Kesklinn,1,0,0,0,0
800,73.4,3.0,Ränilinn,1,0,0,0,0
525,41.8,2.0,Karlova,1,0,0,0,0
1000,92.3,3.0,Kesklinn,1,0,0,0,0
575,67.4,2.0,Kesklinn,1,0,0,0,0
330,27.0,1.0,Annelinn,1,0,0,0,0
370,30.0,1.0,Ülejõe,1,0,1,0,0
400,42.2,2.0,Ülejõe,1,0,0,0,0
960,66.0,3.0,Jaamamõisa,1,0,0,0,0
695,44.9,2.0,Kesklinn,1,0,0,0,0
800,40.7,2.0,Kesklinn,1,0,0,0,0
265,20.0,1.0,Ülejõe,1,0,0,1,0
225,15.0,1.0,Ülejõe,1,1,0,0,1
650,44.7,2.0,Ülejõe,1,0,0,0,0
340,29.0,1.0,Kesklinn,1,0,0,0,0
400,16.4,1.0,Kesklinn,1,0,0,0,0
490,34.0,2.0,Ujula,1,0,0,0,0
450,49.8,2.0,Ränilinn,1,0,0,0,0
400,45.4,2.0,Jaamamõisa,0,0,0,0,0
490,66.0,3.0,Ropka tööstusrajoon,1,0,1,0,0
850,117.1,3.0,Tähtvere küla,1,0,0,0,0
780,49.0,2.0,Karlova,1,0,0,0,1
450,46.5,1.0,Tammelinn,1,1,0,0,0
750,45.2,2.0,Jaamamõisa,1,0,0,0,0
650,50.8,2.0,Kesklinn,1,0,0,0,0
750,62.6,3.0,Ülejõe,1,0,0,0,0
645,62.2,3.0,Kesklinn,1,0,0,0,0
400,39.3,2.0,Kesklinn,0,0,0,0,0
600,54.1,2.0,Ülejõe,1,0,0,0,0
490,43.9,2.0,Karlova,1,0,0,0,0
300,33.8,1.0,Annelinn,1,0,0,0,0
295,13.0,1.0,Tõrvandi,1,0,0,0,0
350,30.0,1.0,Veeriku,1,0,0,0,0
1300,90.7,4.0,Vaksali,1,0,1,0,0
595,46.6,3.0,Ülejõe,1,0,0,0,0
699,53.0,1.0,Kesklinn,1,0,0,0,0
500,52.0,2.0,Ihaste,1,0,0,0,0
890,76.4,3.0,Karlova,1,0,0,0,0
430,40.0,2.0,Veeriku,1,0,0,0,0
500,49.9,2.0,Annelinn,1,0,0,0,0
380,36.6,1.0,Kesklinn,1,0,0,0,0
490,34.1,2.0,Supilinn,1,0,0,0,0
500,38.0,2.0,Supilinn,1,0,0,0,0
850,105.0,4.0,Kesklinn,1,0,1,0,0
499,48.2,2.0,Ülejõe,1,0,0,0,0
420,30.5,2.0,Kesklinn,1,0,0,0,0
430,45.6,2.0,Karlova,0,0,0,0,0
750,67.0,4.0,Annelinn,1,0,0,0,0
380,16.9,1.0,Kesklinn,1,0,0,0,0
400,22.5,1.0,Annelinn,1,1,0,0,1
800,55.3,3.0,Vaksali,1,0,0,0,0
420,48.5,2.0,Ülejõe,0,0,0,0,0
699,63.2,2.0,Ülejõe,1,0,0,0,0
310,20.3,1.0,Vaksali,1,1,0,0,0
599,40.5,2.0,Vaksali,1,0,0,0,0
890,66.1,3.0,Kesklinn,1,0,0,1,0
750,112.4,2.0,Kesklinn,1,1,0,0,0
530,37.6,2.0,Ülejõe,1,0,0,0,0
395,17.0,1.0,Kesklinn,1,0,0,0,0
70,39.0,2.0,Kesklinn,1,0,0,0,0
450,50.7,2.0,Vaksali,1,0,0,0,0
520,23.0,1.0,Ülejõe,1,0,0,0,0
590,66.2,3.0,Annelinn,1,0,0,0,0
240,12.0,1.0,Ees-Annelinna,1,0,0,0,0
700,65.0,3.0,Ülejõe,1,0,0,0,0
290,12.0,1.0,Annelinn,1,0,0,0,0
480,41.8,2.0,Kesklinn,1,1,0,0,1
300,21.0,1.0,Üle jõe,1,0,0,0,0
475,64.6,3.0,Ülejõe,0,0,0,0,0
430,30.0,1.0,Kesklinn,1,0,0,0,0
600,48.1,2.0,Ülejõe,0,0,0,0,0
450,30.0,1.0,Kesklinn,1,0,0,0,0
350,15.0,1.0,Ülejõe,1,0,0,0,0
450,38.5,2.0,Kesklinn,1,0,0,0,0
290,11.4,1.0,Ropka,1,0,0,0,0
650,53.2,3.0,Ülejõe,1,0,0,0,0
460,15.1,1.0,Ülejõe,1,0,0,0,0
790,53.6,2.0,Kesklinn,1,1,0,1,0
640,64.0,3.0,Karlova,1,0,0,0,0
390,31.3,2.0,Kesklinn,1,0,0,0,0
1000,113.0,3.0,Kesklinn,1,0,0,0,0
599,59.3,3.0,Ülejõe,1,0,0,0,0
890,43.7,2.0,Kesklinn,1,0,0,0,0
560,48.0,2.0,Kesklinn,1,0,0,0,0
650,42.7,2.0,Karlova,1,0,0,0,0
600,35.5,2.0,Ülejõe,1,0,0,0,0
650,100.0,3.0,Kesklinn,0,0,0,0,0
900,76.7,3.0,Kesklinn,1,0,0,0,0
599,39.6,2.0,Karlova,1,0,0,0,0
225,15.0,1.0,Kesklinn,1,0,0,0,0
300,35.0,3.0,Karlova,0,0,0,0,0
420,43.7,2.0,Ülejõe,1,0,0,0,0
85,41.0,2.0,Kesklinn,1,0,0,0,0
660,62.9,3.0,Tähtvere,1,0,1,0,0
900,93.3,3.0,Ülejõe,1,1,1,0,0
385,28.0,1.0,Kesklinn,1,0,0,0,0
465,32.6,1.0,Kesklinn,1,0,0,0,0
380,30.0,1.0,Karlova,0,0,0,0,0
375,15.5,1.0,Kesklinn,1,0,0,0,0
350,46.0,2.0,Annelinn,0,0,0,0,0
400,22.1,1.0,Karlova,1,0,0,0,0
480,46.8,2.0,Ülejõe,1,0,0,0,0
550,47.0,3.0,Ülejõe,0,0,1,0,0
650,65.0,3.0,Kesklinn,1,0,0,0,0
490,31.2,2.0,Kesklinn,1,0,0,0,0
600,38.6,2.0,Karlova,1,0,0,0,0
550,62.6,3.0,Annelinn,1,0,0,0,0
550,15.1,1.0,Vanalinn,1,0,0,0,0
445,60.2,3.0,Maarjamõisa,0,0,0,0,0
370,19.0,1.0,Vaksali linnaosa piiril,1,0,0,0,0
460,28.0,2.0,Annelinn,1,0,0,0,0
450,40.0,2.0,Veeriku,1,0,0,0,0
525,46.7,2.0,Kesklinn,1,0,0,0,0
660,50.4,2.0,Raadi-Kruusamäe,1,0,0,0,0
430,48.6,2.0,Annelinn,1,0,0,0,0
460,50.8,2.0,Kesklinn,1,0,0,0,0
335,17.7,1.0,Kesklinn,1,0,0,0,0
89,80.0,3.0,Kesklinn,1,0,0,0,0
480,35.2,2.0,Veeriku,1,0,0,0,0
240,38.2,2.0,Tammelinn,1,0,0,0,0
490,36.5,2.0,Ülejõe,1,0,0,0,0
570,43.9,2.0,Ränilinn,1,0,0,0,0
475,24.0,1.0,Vanalinn,1,0,0,0,0
550,45.9,2.0,Vaksali,1,0,0,0,0
400,47.6,2.0,Ropka,1,0,0,0,0
490,66.8,3.0,Tammelinn,1,0,0,0,0
649,69.1,3.0,Tammelinn,1,0,1,1,0
450,42.9,1.0,Kesklinn,1,0,0,0,0
450,52.1,2.0,Karlova,1,0,0,0,0
475,22.1,1.0,Vaksali,1,1,0,0,0
420,38.5,2.0,Kesklinn,1,0,0,0,0
700,39.0,2.0,Kesklinn,1,0,0,0,0
520,31.0,1.0,Maarjamõisa,1,0,1,0,0
350,25.0,1.0,Kesklinn,1,0,0,0,0
495,21.0,1.0,Kesklinn,1,0,0,0,0
1100,56.6,3.0,Tammelinn,1,1,0,0,0
520,26.6,1.0,Kesklinna piiril,1,1,0,0,0
450,47.1,2.0,Ülejõe,1,0,0,0,0
100,12.0,1.0,Karlova,1,0,0,0,0
1200,70.2,3.0,Kesklinn,1,0,0,1,0
420,27.0,2.0,Tähtvere,1,0,0,0,0
400,24.0,1.0,Annelinn,1,0,0,0,0
850,77.5,3.0,Tähtvere,1,0,0,1,0
200,17.0,1.0,Raadi-Kruusamäe,1,0,0,0,0
670,56.2,2.0,Vaksali,1,0,0,1,0
620,51.0,2.0,Kesklinn,1,0,0,0,0
320,28.0,1.0,Karlova,1,0,0,0,0
550,32.0,2.0,Tartu linn,1,0,0,0,0
400,19.3,1.0,Vaksali-Kastani,1,1,0,0,0
360,46.4,2.0,Annelinn,1,0,0,0,0
440,47.4,2.0,Ropka,1,0,0,0,0
500,65.7,3.0,Annelinn,1,0,0,0,0
590,71.9,3.0,Kesklinn,1,0,0,0,0
700,54.7,3.0,Ränilinn,1,0,0,0,0
520,77.0,3.0,Kesklinn,1,0,0,0,0
350,30.1,1.0,Annelinn,1,0,0,0,0
590,37.0,2.0,Supilinn,1,0,0,0,1
455,51.5,2.0,Vaksali,0,0,0,0,0
440,18.0,1.0,Kesklinn,1,0,0,0,0
430,65.9,3.0,Kesklinn,1,0,0,0,0
500,50.2,3.0,Ülejõe,1,0,0,0,0
420,33.5,2.0,Karlova,1,0,0,0,0
400,40.7,2.0,Kesklinn,1,0,0,0,0
430,26.0,1.0,Kesklinn,1,0,0,0,0
650,30.4,2.0,Vanalinna,1,0,0,0,0
420,47.5,2.0,Jaamamõisa,1,0,0,0,0
1100,81.0,2.0,Ülejõe,1,0,0,0,0
390,39.6,2.0,Ülejõe,1,0,0,0,0
480,61.1,3.0,Raadi-Kruusamäe,0,0,0,0,0
350,32.2,2.0,Ülejõe,0,0,0,0,0
450,49.5,2.0,Annelinn,0,0,0,0,0
799,60.0,2.0,Kesklinn,1,0,0,0,0
390,47.0,3.0,Ropka,0,0,0,0,1
380,42.7,2.0,Annelinn,0,0,0,0,0
650,63.8,3.0,Ihaste,1,0,0,0,0
1050,88.0,4.0,Supilinn,1,0,0,0,0
2500,57.0,3.0,Kesklinn,1,0,0,0,0
420,33.6,1.0,Annelinn,1,0,0,0,0
360,26.5,2.0,Vaksali,1,0,0,0,0
700,66.7,3.0,Vaksali,1,0,0,0,0
375,49.7,2.0,Annelinn,1,0,0,0,0
370,18.0,1.0,Kesklinn,1,0,0,1,0
810,64.4,3.0,Karlova,1,0,1,0,0
300,17.7,1.0,Kesklinn,1,1,0,0,0
300,27.0,1.0,Karlova,0,0,0,0,0
400,77.7,4.0,Annelinn,1,0,0,0,0
725,70.0,2.0,Kesklinn,1,0,0,1,0
195,10.0,1.0,Vanalinn,1,0,0,0,0
580,59.2,2.0,Ülejõe,1,0,0,0,0
345,27.3,1.0,Ees-Annelinn,1,0,0,0,0
740,44.8,2.0,Karlova,1,0,0,0,0
800,32.9,2.0,Radhaus,1,0,0,0,0
250,12.6,1.0,Raadi-Kruusamäe,1,0,0,0,0
400,25.0,1.0,Veeriku,1,0,0,0,0
650,40.4,2.0,Kesklinn,1,0,0,0,0
980,78.1,3.0,Raadi-Kruusamäe,0,0,1,1,0
750,60.3,2.0,Kesklinn,1,0,0,1,0
520,19.1,2.0,Ülejõe,1,0,0,0,0
580,65.0,2.0,Kesklinn,1,0,0,0,0
450,38.5,2.0,Kesklinn,1,0,0,0,0
430,32.0,1.0,Kesklinn,1,0,0,0,0
525,20.0,2.0,Ülejõe,1,0,0,0,0
300,28.0,1.0,Annelinn,1,0,0,0,0
400,38.7,2.0,Raadi-Kruusamäe,1,0,0,0,0
300,53.5,2.0,Kesklinn,1,0,0,0,0
290,16.2,1.0,Tammelinn,1,0,0,0,0
450,37.9,2.0,Ülejõe,0,0,0,0,0
330,27.8,1.0,Annelinn,0,0,0,0,0
525,47.2,2.0,Ropka,1,0,0,0,0
650,39.0,2.0,Kesklinn,1,0,0,0,0
300,30.5,1.0,Ülejõe,1,0,0,0,0
1100,99.3,4.0,Kesklinn,1,0,0,0,0
500,40.8,2.0,Kesklinn,1,0,0,0,0
600,49.2,2.0,Ränilinn,1,1,1,0,0
690,52.8,3.0,Raadi-Kruusamäe,1,0,0,0,0
800,35.6,2.0,Vanalinna,1,0,0,0,0
350,33.5,1.0,Ees-Annelinna,1,0,0,0,0
400,37.0,1.0,Veeriku,1,0,0,0,0
260,29.1,2.0,Kaimi,1,0,0,0,0
600,52.4,3.0,Jaamamõisa,1,0,0,0,0
300,27.0,1.0,Kesklinn,1,0,0,0,0
490,48.8,2.0,Ülejõe,1,1,0,0,0
429,38.5,1.0,Ülejõe,0,0,0,0,0
390,31.4,2.0,Karlova,1,0,0,0,0
280,19.1,1.0,Ülejõe,1,0,0,0,0
245,25.0,1.0,Karlova,1,0,0,0,0
290,36.0,1.0,Kesklinn,0,0,0,0,0
750,72.8,3.0,Tähtvere,0,1,1,0,1
400,36.0,2.0,Karlova,1,0,0,0,0
790,73.9,4.0,Karlova,1,0,1,0,0
550,89.7,3.0,Karlova,0,0,0,0,0
630,66.0,3.0,Supilinn,1,0,1,1,0
550,48.9,2.0,Ränilinn,1,0,0,0,0
275,37.0,2.0,Kesklinn,1,0,0,0,0
630,52.6,2.0,Supilinn,1,0,0,0,0
395,46.0,2.0,Annelinn,1,0,0,0,1
280,30.4,1.0,Annelinn,0,0,0,0,0
890,82.7,3.0,Kesklinn,0,0,0,0,1
395,15.4,1.0,Ülejõe,1,0,0,0,0
525,24.0,1.0,Kesklinn,1,0,0,0,0
525,21.4,1.0,Ülejõe,1,0,0,0,0
440,13.8,1.0,Ülejõe,1,0,0,0,0
390,33.5,1.0,Kesklinn,0,0,0,0,0
320,30.1,1.0,Annelinn,1,0,0,0,0
440,15.6,1.0,Ülejõe,1,0,0,0,0
505,25.2,1.0,Kesklinn,1,0,0,0,0
350,37.0,1.0,Karlova,1,0,0,0,0
500,70.8,3.0,Variku,1,0,0,0,0
570,57.2,3.0,Annelinn,1,0,1,0,0
450,17.4,1.0,Kesklinn,1,1,0,0,0
