Price,Size,Rooms,Neighborhood
470,17.9,1.0,Ülejõe
280,28.0,1.0,Raadi-Kruusamäe
620,48.5,2.0,Vaksali
600,46.1,2.0,Annelinn
585,45.2,2.0,Annelinn
370,15.5,1.0,Ülejõe
565,62.0,3.0,Annelinn
230,18.0,1.0,Ropka
260,33.0,1.0,Veeriku
550,78.0,4.0,Annelinn
540,39.4,2.0,Vaksali
999,130.0,4.0,Tähtvere
460,30.0,1.0,Kesklinn
300,40.0,1.0,Annelinn
740,52.3,2.0,Kesklinn
475,39.0,2.0,Karlova
550,59.7,2.0,Ülejõe
345,20.0,1.0,Supilinn
660,50.2,2.0,Raadi-Kruusamäe
900,68.5,2.0,Kesklinn
520,61.3,3.0,Ülejõe
280,18.4,1.0,Karlova
575,63.0,2.0,Supilinn
1450,122.5,6.0,Supilinn
750,85.2,4.0,Vorbuse
770,76.5,3.0,Ropka tööstusrajoon
949,32.3,2.0,Kesklinn
999,32.2,2.0,Kesklinn
450,29.8,1.0,Ränilinn
430,45.4,2.0,Vaksali
590,34.5,2.0,Karlova
259,20.0,1.0,Karlova
750,65.5,3.0,Raadi-Kruusamäe
450,45.1,2.0,Ülikooli 6
240,20.0,1.0,Karlova
595,63.0,3.0,Annelinn
690,61.7,3.0,Supilinn
230,27.3,1.0,Karlova
550,52.1,2.0,Annelinn
720,66.3,2.0,Ülejõe
580,32.9,2.0,Karlova
325,16.5,1.0,Narvamäe
375,35.0,1.0,Karlova
650,37.0,2.0,Tähtvere
340,16.0,1.0,Maarjamõisa
590,55.0,2.0,Ihaste
560,49.2,2.0,Ränilinn
330,25.0,1.0,Maarjamõisa
600,51.0,2.0,Ropka
310,15.5,1.0,Kesklinn
350,24.0,1.0,Tiigi tn. 6
750,47.0,2.0,Karlova
470,50.0,2.0,Ülejõe
825,53.9,3.0,Annelinn
600,54.1,2.0,Kesklinn
530,60.0,2.0,Ihaste
430,48.0,1.0,Karlova
520,39.7,2.0,Kesklinn
420,39.0,2.0,Ülejõe
205,15.0,1.0,Tammelinn
615,46.4,2.0,Jaamamõisa
650,45.4,2.0,Kesklinn
550,44.8,2.0,Tähtvere
450,23.0,1.0,Kesklinn
590,45.1,2.0,Raadi-Kruusamäe
400,15.9,1.0,Ülejõe
750,51.9,2.0,Kesklinn
325,15.0,1.0,Kesklinn
420,16.0,1.0,Karlova
425,20.9,1.0,Ülejõe
500,49.0,2.0,Ropka tööstusrajoon
400,49.1,2.0,Annelinn
430,34.0,1.0,Vaksali
575,50.2,3.0,Ülejõe
650,40.1,2.0,Karlova
460,47.9,2.0,Karlova
525,43.0,2.0,Kesklinn
420,30.0,2.0,Veeriku
570,41.3,2.0,Ülejõe
520,28.0,2.0,Maarjamõisa
560,80.0,3.0,Ropka tööstusrajoon
320,25.0,1.0,Karlova
500,47.2,2.0,Jaamamõisa
420,40.1,2.0,Ülejõe
400,35.2,2.0,Tammelinn
650,70.0,2.0,Karlova
350,24.0,1.0,Karlova
430,46.0,2.0,Ülejõe
400,44.0,2.0,Raadi-Kruusamäe
440,17.2,1.0,Apartments at hugo.stay
490,42.0,2.0,Vaksali
450,33.4,1.0,Ülejõe
425,49.0,2.0,Annelinn
400,38.3,1.0,Raadi alev
440,38.9,2.0,Kesklinn
550,34.4,1.0,Kesklinn
670,57.5,2.0,Kesklinn
400,38.4,2.0,Karlova
550,47.8,2.0,Kesklinn
390,27.0,1.0,Jaamamõisa
360,23.4,1.0,Ränilinn
400,28.1,2.0,Karlova
570,34.2,2.0,Kesklinn
420,30.0,1.0,Tartu linn
560,37.0,2.0,Kesklinn
370,33.1,1.0,Annelinn
480,65.0,2.0,Tammelinn
550,49.1,2.0,Raadi-Kruusamäe
450,45.7,2.0,Annelinn
280,33.7,1.0,Annelinn
595,51.0,2.0,Tammelinn
465,48.0,2.0,Ropka
195,12.0,1.0,Ülejõe
380,29.0,1.0,Kesklinn
700,40.0,2.0,Kesklinn
425,33.6,1.0,Ropka
550,43.8,2.0,Ülejõe
850,56.1,2.0,Ülejõe
250,21.4,1.0,Kesklinn
750,20.0,1.0,Kesklinn
630,44.0,2.0,Ränilinn
500,41.2,2.0,Karlova
310,27.8,1.0,Annelinn
370,12.0,1.0,Südalinn
480,47.9,2.0,Ropka
645,62.2,2.0,Kesklinn
300,27.3,1.0,Kesklinn
950,87.8,3.0,Karlova
600,57.5,2.0,Ülejõe
380,15.4,1.0,Kesklinn
570,23.4,1.0,Kesklinn
1100,83.6,4.0,Raadi-Kruusamäe
420,39.6,1.0,Ülejõe
600,34.8,2.0,Jaamamõisa
370,66.0,3.0,Annelinn
475,43.2,2.0,Annelinn
555,38.8,2.0,Kesklinn
900,102.0,5.0,Annelinn
220,28.0,1.0,Kesklinn
230,26.0,1.0,Raadi-Kruusamäe
450,40.7,2.0,Korter vabaneb 1.10.2026.
400,43.2,2.0,Ülejõe
400,15.0,1.0,Annelinn
390,46.4,2.0,Ränilinn
315,16.8,1.0,Kesklinn
590,47.5,2.0,Ränilinn
450,26.9,2.0,Ülejõe
540,33.0,1.0,Kesklinn
590,50.0,3.0,Ülejõe
580,58.9,2.0,Kesklinn
500,34.8,1.0,Tammelinn
320,33.5,1.0,Ees-Annelinn
550,60.9,1.0,Kesklinn
650,48.1,2.0,Raadi-Kruusamäe
700,65.5,3.0,Taga-Annelinna
650,44.0,2.0,Kesklinn
230,17.0,1.0,Kesklinn
840,110.0,3.0,Kesklinn
390,47.2,2.0,Raadi-Kruusamäe
520,56.0,3.0,Ropka tööstusrajoon
210,26.0,1.0,Raadi-Kruusamäe
390,31.9,1.0,Veeriku
395,34.0,1.0,Kesklinn
335,20.0,1.0,Ülejõe
550,27.5,2.0,Vaksali
495,43.0,2.0,Ülejõe
300,28.0,2.0,Ülejõe
240,11.0,1.0,Kesklinn
275,29.0,1.0,Maarjamõisa
560,28.1,1.0,Kesklinn
650,67.0,3.0,Kesklinn
440,45.3,2.0,Veeriku
420,47.9,2.0,Ülejõe
550,46.9,3.0,Ränilinn
1100,86.8,4.0,Raadi
360,37.4,2.0,Annelinn
280,13.2,1.0,Vaksali
260,30.0,1.0,Annelinn
310,15.0,1.0,Annelinn
400,40.0,2.0,Kesklinn
310,31.0,1.0,Annelinn
350,30.0,1.0,Ülejõe
500,32.4,1.0,Kesklinna piiril
480,40.5,2.0,Kesklinn
800,73.4,3.0,Ränilinn
525,41.8,2.0,Karlova
1000,92.3,3.0,Kesklinn
575,67.4,2.0,Kesklinn
330,27.0,1.0,Annelinn
370,30.0,1.0,Ülejõe
400,42.2,2.0,Ülejõe
960,66.0,3.0,Jaamamõisa
695,44.9,2.0,Kesklinn
800,40.7,2.0,Kesklinn
265,20.0,1.0,Ülejõe
225,15.0,1.0,Ülejõe
650,44.7,2.0,Ülejõe
340,29.0,1.0,Kesklinn
400,16.4,1.0,Kesklinn
490,34.0,2.0,Ujula
450,49.8,2.0,Ränilinn
400,45.4,2.0,Jaamamõisa
490,66.0,3.0,Ropka tööstusrajoon
850,117.1,3.0,Tähtvere küla
780,49.0,2.0,Karlova
450,46.5,1.0,Tammelinn
750,45.2,2.0,Jaamamõisa
650,50.8,2.0,Kesklinn
750,62.6,3.0,Ülejõe
400,39.3,2.0,Kesklinn
600,54.1,2.0,Ülejõe
490,43.9,2.0,Karlova
300,33.8,1.0,Annelinn
295,13.0,1.0,Tõrvandi
350,30.0,1.0,Veeriku
1300,90.7,4.0,Vaksali
595,46.6,3.0,Ülejõe
699,53.0,1.0,Kesklinn
500,52.0,2.0,Ihaste
890,76.4,3.0,Karlova
430,40.0,2.0,Veeriku
500,49.9,2.0,Annelinn
380,36.6,1.0,Kesklinn
490,34.1,2.0,Supilinn
500,38.0,2.0,Supilinn
850,105.0,4.0,Kesklinn
499,48.2,2.0,Ülejõe
420,30.5,2.0,Kesklinn
430,45.6,2.0,Karlova
750,67.0,4.0,Annelinn
380,16.9,1.0,Kesklinn
400,22.5,1.0,Annelinn
800,55.3,3.0,Vaksali
420,48.5,2.0,Ülejõe
699,63.2,2.0,Ülejõe
310,20.3,1.0,Vaksali
599,40.5,2.0,Vaksali
890,66.1,3.0,Kesklinn
750,112.4,2.0,Kesklinn
530,37.6,2.0,Ülejõe
395,17.0,1.0,Kesklinn
450,50.7,2.0,Vaksali
520,23.0,1.0,Ülejõe
590,66.2,3.0,Annelinn
240,12.0,1.0,Ees-Annelinna
700,65.0,3.0,Ülejõe
290,12.0,1.0,Annelinn
480,41.8,2.0,Kesklinn
300,21.0,1.0,Üle jõe
475,64.6,3.0,Ülejõe
430,30.0,1.0,Kesklinn
600,48.1,2.0,Ülejõe
450,30.0,1.0,Kesklinn
350,15.0,1.0,Ülejõe
450,38.5,2.0,Kesklinn
290,11.4,1.0,Ropka
650,53.2,3.0,Ülejõe
460,15.1,1.0,Ülejõe
790,53.6,2.0,Kesklinn
640,64.0,3.0,Karlova
390,31.3,2.0,Kesklinn
1000,113.0,3.0,Kesklinn
599,59.3,3.0,Ülejõe
890,43.7,2.0,Kesklinn
560,48.0,2.0,Kesklinn
650,42.7,2.0,Karlova
600,35.5,2.0,Ülejõe
650,100.0,3.0,Kesklinn
900,76.7,3.0,Kesklinn
599,39.6,2.0,Karlova
225,15.0,1.0,Kesklinn
300,35.0,3.0,Karlova
420,43.7,2.0,Ülejõe
660,62.9,3.0,Tähtvere
900,93.3,3.0,Ülejõe
385,28.0,1.0,Kesklinn
465,32.6,1.0,Kesklinn
380,30.0,1.0,Karlova
375,15.5,1.0,Kesklinn
350,46.0,2.0,Annelinn
400,22.1,1.0,Karlova
480,46.8,2.0,Ülejõe
550,47.0,3.0,Ülejõe
650,65.0,3.0,Kesklinn
490,31.2,2.0,Kesklinn
600,38.6,2.0,Karlova
550,62.6,3.0,Annelinn
550,15.1,1.0,Vanalinn
445,60.2,3.0,Maarjamõisa
370,19.0,1.0,Vaksali linnaosa piiril
460,28.0,2.0,Annelinn
450,40.0,2.0,Veeriku
525,46.7,2.0,Kesklinn
660,50.4,2.0,Raadi-Kruusamäe
430,48.6,2.0,Annelinn
460,50.8,2.0,Kesklinn
335,17.7,1.0,Kesklinn
480,35.2,2.0,Veeriku
240,38.2,2.0,Tammelinn
490,36.5,2.0,Ülejõe
570,43.9,2.0,Ränilinn
475,24.0,1.0,Vanalinn
550,45.9,2.0,Vaksali
400,47.6,2.0,Ropka
490,66.8,3.0,Tammelinn
649,69.1,3.0,Tammelinn
450,42.9,1.0,Kesklinn
450,52.1,2.0,Karlova
475,22.1,1.0,Vaksali
420,38.5,2.0,Kesklinn
700,39.0,2.0,Kesklinn
520,31.0,1.0,Maarjamõisa
350,25.0,1.0,Kesklinn
495,21.0,1.0,Kesklinn
1100,56.6,3.0,Tammelinn
520,26.6,1.0,Kesklinna piiril
450,47.1,2.0,Ülejõe
100,12.0,1.0,Karlova
1200,70.2,3.0,Kesklinn
420,27.0,2.0,Tähtvere
400,24.0,1.0,Annelinn
850,77.5,3.0,Tähtvere
200,17.0,1.0,Raadi-Kruusamäe
670,56.2,2.0,Vaksali
620,51.0,2.0,Kesklinn
320,28.0,1.0,Karlova
550,32.0,2.0,Tartu linn
400,19.3,1.0,Vaksali-Kastani
360,46.4,2.0,Annelinn
440,47.4,2.0,Ropka
500,65.7,3.0,Annelinn
590,71.9,3.0,Kesklinn
700,54.7,3.0,Ränilinn
520,77.0,3.0,Kesklinn
350,30.1,1.0,Annelinn
590,37.0,2.0,Supilinn
455,51.5,2.0,Vaksali
440,18.0,1.0,Kesklinn
430,65.9,3.0,Kesklinn
500,50.2,3.0,Ülejõe
420,33.5,2.0,Karlova
400,40.7,2.0,Kesklinn
430,26.0,1.0,Kesklinn
650,30.4,2.0,Vanalinna
420,47.5,2.0,Jaamamõisa
1100,81.0,2.0,Ülejõe
390,39.6,2.0,Ülejõe
480,61.1,3.0,Raadi-Kruusamäe
350,32.2,2.0,Ülejõe
450,49.5,2.0,Annelinn
799,60.0,2.0,Kesklinn
390,47.0,3.0,Ropka
380,42.7,2.0,Annelinn
650,63.8,3.0,Ihaste
1050,88.0,4.0,Supilinn
420,33.6,1.0,Annelinn
360,26.5,2.0,Vaksali
700,66.7,3.0,Vaksali
375,49.7,2.0,Annelinn
370,18.0,1.0,Kesklinn
810,64.4,3.0,Karlova
300,17.7,1.0,Kesklinn
300,27.0,1.0,Karlova
400,77.7,4.0,Annelinn
725,70.0,2.0,Kesklinn
195,10.0,1.0,Vanalinn
580,59.2,2.0,Ülejõe
345,27.3,1.0,Ees-Annelinn
740,44.8,2.0,Karlova
800,32.9,2.0,Radhaus
250,12.6,1.0,Raadi-Kruusamäe
400,25.0,1.0,Veeriku
650,40.4,2.0,Kesklinn
980,78.1,3.0,Raadi-Kruusamäe
750,60.3,2.0,Kesklinn
520,19.1,2.0,Ülejõe
580,65.0,2.0,Kesklinn
430,32.0,1.0,Kesklinn
525,20.0,2.0,Ülejõe
300,28.0,1.0,Annelinn
400,38.7,2.0,Raadi-Kruusamäe
300,53.5,2.0,Kesklinn
290,16.2,1.0,Tammelinn
450,37.9,2.0,Ülejõe
330,27.8,1.0,Annelinn
525,47.2,2.0,Ropka
650,39.0,2.0,Kesklinn
300,30.5,1.0,Ülejõe
1100,99.3,4.0,Kesklinn
500,40.8,2.0,Kesklinn
600,49.2,2.0,Ränilinn
690,52.8,3.0,Raadi-Kruusamäe
800,35.6,2.0,Vanalinna
350,33.5,1.0,Ees-Annelinna
400,37.0,1.0,Veeriku
260,29.1,2.0,Kaimi
600,52.4,3.0,Jaamamõisa
300,27.0,1.0,Kesklinn
490,48.8,2.0,Ülejõe
429,38.5,1.0,Ülejõe
390,31.4,2.0,Karlova
280,19.1,1.0,Ülejõe
245,25.0,1.0,Karlova
290,36.0,1.0,Kesklinn
750,72.8,3.0,Tähtvere
400,36.0,2.0,Karlova
790,73.9,4.0,Karlova
550,89.7,3.0,Karlova
630,66.0,3.0,Supilinn
550,48.9,2.0,Ränilinn
275,37.0,2.0,Kesklinn
630,52.6,2.0,Supilinn
395,46.0,2.0,Annelinn
280,30.4,1.0,Annelinn
890,82.7,3.0,Kesklinn
395,15.4,1.0,Ülejõe
525,24.0,1.0,Kesklinn
525,21.4,1.0,Ülejõe
440,13.8,1.0,Ülejõe
390,33.5,1.0,Kesklinn
320,30.1,1.0,Annelinn
440,15.6,1.0,Ülejõe
505,25.2,1.0,Kesklinn
350,37.0,1.0,Karlova
500,70.8,3.0,Variku
570,57.2,3.0,Annelinn
450,17.4,1.0,Kesklinn
400,47.1,2.0,Raadi-Kruusamäe
540,43.0,2.0,Karlova
325,16.5,1.0,Narvamäe
490,65.7,3.0,Veeriku
700,49.0,3.0,Karlova
240,33.0,1.0,Veeriku
750,81.6,3.0,Ülejõe
255,33.4,2.0,Karlova
530,17.9,1.0,Ülejõe
325,16.5,1.0,Narvamäe
720,42.5,2.0,Karlova
560,60.8,2.0,Ihaste
500,38.5,2.0,Kesklinn
530,52.8,2.0,Annelinn
750,39.5,2.0,Ülejõe
580,59.2,2.0,Ülejõe
650,42.7,2.0,Karlova
400,30.0,2.0,Veeriku
650,56.2,3.0,Supilinn
400,25.0,1.0,Veeriku
220,20.0,1.0,Kesklinn
470,41.4,2.0,Kesklinn
430,40.0,2.0,Veeriku
490,28.8,1.0,Ränilinn
435,48.0,2.0,Ropka
600,48.1,2.0,Raadi-Kruusamäe
430,44.9,1.0,Ihaste
480,41.8,2.0,Kesklinn
390,22.0,1.0,Kesklinn
490,34.1,2.0,Supilinn
650,52.9,3.0,Veeriku
650,53.2,3.0,Ülejõe
420,40.7,2.0,Karlova
400,46.0,2.0,Ülejõe
450,46.5,1.0,Tammelinn
500,62.6,3.0,Jaamamõisa
470,28.0,2.0,Annelinn
600,48.1,2.0,Raadi-Kruusamäe
420,26.0,1.0,Kesklinn
570,44.9,2.0,Vaksali
450,17.9,1.0,Ülejõe
750,53.8,3.0,Annelinn
195,12.0,1.0,Ülejõe
585,45.2,2.0,Annelinn
380,46.2,2.0,Ees-Annelinna
500,65.0,3.0,Kesklinn
360,16.9,1.0,Kesklinn
450,52.5,2.0,Annelinn
530,37.0,2.0,Kesklinn
870,76.4,3.0,Karlova
535,46.9,3.0,Ränilinn
500,41.2,2.0,Karlova
270,25.7,1.0,Karlova
820,66.1,3.0,Kesklinn
750,95.0,4.0,Supilinn
300,28.1,1.0,Annelinn
270,28.0,1.0,Maarjamõisa
480,46.7,2.0,Kesklinn
325,15.0,1.0,Kesklinn
750,76.5,4.0,Veeriku
400,49.2,2.0,Annelinn
430,27.0,2.0,Tähtvere
900,112.4,2.0,Kesklinn
300,28.0,1.0,Annelinn
470,38.3,2.0,Kesklinn
530,49.0,2.0,Annelinn
499,23.0,1.0,Ülejõe
450,32.0,1.0,Supilinn
575,49.8,2.0,Karlova
395,34.0,1.0,Ülejõe
580,38.6,2.0,Karlova
250,21.4,1.0,Kesklinn
260,12.0,1.0,Annelinn
230,11.5,1.0,Ropka
700,101.2,4.0,Ihaste
320,30.0,1.0,Annelinn
350,28.9,1.0,Karlova
200,16.1,1.0,Ropka tööstusrajoon
340,33.5,1.0,Ülejõe
350,35.6,2.0,Annelinn
440,38.9,2.0,Kesklinn
340,33.5,1.0,Kesklinn
280,27.0,1.0,Karlova
370,15.5,1.0,Ülejõe
500,17.9,1.0,Ülejõe
640,45.2,2.0,Kesklinn
350,30.0,1.0,Ülejõe
440,48.1,2.0,Ülejõe
380,29.0,1.0,Kesklinn
520,28.1,1.0,Kesklinn
300,53.3,2.0,Kesklinn
310,28.0,1.0,Veeriku
550,47.8,2.0,Kesklinn
310,30.1,1.0,Annelinn
580,66.2,3.0,Annelinn
470,70.8,3.0,Variku
380,36.0,2.0,Karlova
550,50.6,2.0,Tammelinn
760,55.3,3.0,Vaksali
720,50.2,2.0,Raadi-Kruusamäe
320,22.0,1.0,Kesklinn
700,47.2,2.0,Kesklinn
490,37.6,2.0,Ülejõe
480,41.9,2.0,Supilinn
280,35.0,3.0,Karlova
625,49.9,2.0,Kesklinn
440,17.2,1.0,Apartments at hugo.stay
585,46.1,2.0,Annelinn
640,50.4,2.0,Raadi-Kruusamäe
375,46.0,2.0,Annelinn
575,35.5,2.0,Ülejõe
465,38.2,2.0,Tammelinn
460,43.0,2.0,Ülejõe
490,47.2,2.0,Ropka
600,38.1,2.0,Jaamamõisa
550,39.1,2.0,Kesklinn
270,15.0,1.0,Annelinn
460,30.0,1.0,Supilinn
550,33.9,2.0,Maarjamõisa
275,31.0,2.0,Kesklinn
