Price,Price per sqr meter,Title,Size,Rooms,Meta
470 €  26.3 €/m²,26.3 €/m²,"4|Pikk tn 39, Ülejõe, Tartu linn, Tartu",17.9 m²,1,"Korrus 2/6, Korteriomand, uus, dušš, keskküte, avatud köök, külmik, mööbel, uus ..."
280 €  10 €/m²,10 €/m²,"4|Sambla 4, Raadi-Kruusamäe, Tartu linn, Tartu",28 m²,1,"Korrus 3/3, kivimaja, san. remont tehtud, elektripliit, saun, keskküte, avatud köök, ..."
620 €  12.8 €/m²,12.8 €/m²,"4|Vaksali tn 21, Vaksali, Tartu linn, Tartu",48.5 m²,2,"Korrus 1/4, Korteriomand, kivimaja, heas korras, keraamiline pliit, dušš, keskküte, rõdu ..."
600 €  13 €/m²,13 €/m²,"3|Ihaste põik 34-2, Annelinn, Tartu linn, Tartu",46.1 m²,2,"Korrus 2/6, Korteriomand, ehitusaasta 2022, heas korras, induktsioonpliit, dušš, ..."
585 €  12.9 €/m²,12.9 €/m²,"3|Mõisavahe tn 71a/1-7, Annelinn, Tartu linn, Tartu",45.2 m²,2,"Korrus 2/5, Korteriomand, ehitusaasta 2024, heas korras, dušš, rõdu 5 m², lift, ..."
370 €  23.9 €/m²,23.9 €/m²,"3|Uus tn 34, Ülejõe, Tartu linn, Tartu",15.5 m²,1,"Korrus 3/2, palkmaja, ehitusaasta 2026, uus, induktsioonpliit, dušš, uus torustik, ..."
565 €  9.11 €/m²,9.11 €/m²,"2|Kalda tee 28, Annelinn, Tartu linn, Tartu",62 m²,3,"Korrus 3/5, Korteriomand, paneelmaja, ehitusaasta 1975, renoveeritud, elektripliit, ..."
230 €  12.8 €/m²,12.8 €/m²,"2|Tähe, Ropka, Tartu linn, Tartu",18 m²,1,"Kivimaja, heas korras, elektripliit, dušš, keskküte, avatud köök, Internet, toad eraldi, ..."
260 €  7.88 €/m²,7.88 €/m²,"2|Nisu tn 35, Veeriku, Tartu linn, Tartu",33 m²,1,"Heas korras, elektripliit, dušš, keskküte, rõdu 7 m², külmik, Internet, ..."
550 €  7.05 €/m²,7.05 €/m²,"2|Anne 92, Annelinn, Tartu linn, Tartu",78 m²,4,"Korrus 8/9, paneelmaja, ehitusaasta 1986, keskmises seisukorras, elektripliit, dušš, ..."
540 €  13.7 €/m²,13.7 €/m²,"2|Filosoofi tn 11, Vaksali, Tartu linn, Tartu",39.4 m²,2,"Korrus 2/3, Korteriomand, puitmaja, heas korras, induktsioonpliit, dušš, uus torustik, ..."
999 €  7.68 €/m²,7.68 €/m²,"2|C. R. Jakobsoni tn 13-2, Tähtvere, Tartu linn, Tartu",130 m²,4,"Korrus 2/2, ehitusaasta 1939, renoveeritud, elektripliit, saun, uus torustik, wc ja ..."
460 €  15.3 €/m²,15.3 €/m²,"2|Kroonuaia tn 37, Kesklinn, Tartu linn, Tartu",30 m²,1,"Korrus 1/3, Korteriomand, kivimaja, ehitusaasta 1948, heas korras, keraamiline pliit, ..."
300 €  7.50 €/m²,7.50 €/m²,"2|Sõpruse pst 8, Annelinn, Tartu linn, Tartu",40 m²,1,"Korrus 4/5, kivimaja, ehitusaasta 1970, heas korras, gaasipliit, dušš, uus torustik, ..."
740 €  14.2 €/m²,14.2 €/m²,"2|Riia tn 22b, Kesklinn, Tartu linn, Tartu",52.3 m²,2,"Korrus 3/7, ehitusaasta 2018, uus, garaaž, lift"
475 €  12.2 €/m²,12.2 €/m²,"2|Tähe tn 15, Karlova, Tartu linn, Tartu",39 m²,2,"Korrus 1/4, Korteriomand, kivimaja, ehitusaasta 1962, keskmises seisukorras, ..."
550 €  9.21 €/m²,9.21 €/m²,"2|Pikk tn 19, Ülejõe, Tartu linn, Tartu",59.7 m²,2,"Korrus 2/5, kivimaja, ehitusaasta 2003, heas korras, elektripliit, dušš, keskküte, ..."
345 €  17.3 €/m²,17.3 €/m²,"2|Tähtvere 48, Supilinn, Tartu linn, Tartu",20 m²,1,"Kinnistu, kivimaja, ehitusaasta 2025, renoveeritud, elektripliit, boiler, uus torustik, ..."
660 €  13.2 €/m²,13.2 €/m²,"2|Kummeli 4, Raadi-Kruusamäe, Tartu linn, Tartu",50.2 m²,2,"Korrus 4/6, Korteriomand, kivimaja, ehitusaasta 2023, uus, keraamiline pliit, dušš, uus ..."
900 €  13.1 €/m²,13.1 €/m²,"2|Soola 2, Kesklinn, Tartu linn, Tartu",68.5 m²,2,"Korrus 5/7, Korteriomand, kivimaja, ehitusaasta 2015, uus, induktsioonpliit, dušš, vann, ..."
520 €  8.48 €/m²,8.48 €/m²,"2|Pärna 29, Ülejõe, Tartu linn, Tartu",61.3 m²,3,"Korrus 1/5, paneelmaja, renoveeritud, dušš, vann, wc ja vannituba eraldi, uus torustik, ..."
280 €  15.2 €/m²,15.2 €/m²,"2|Kastani, Karlova, Tartu linn, Tartu",18.4 m²,1,"Korrus 1/2, Korteriomand, palkmaja, renoveeritud, boiler, dušš, uus torustik, ..."
575 €  9.13 €/m²,9.13 €/m²,"2|Herne tn, Supilinn, Tartu linn, Tartu",63 m²,2,"Korrus 1/1, Kinnistu, puitmaja, ehitusaasta 1903, renoveeritud, elektripliit, dušš, uus ..."
1 450 €  11.8 €/m²,11.8 €/m²,"2|Kroonuaia 32A, Supilinn, Tartu linn, Tartu",122.5 m²,6,"Korrus 3/3, ehitusaasta 2006, keskmises seisukorras, keraamiline pliit, dušš, saun, ..."
750 €  8.80 €/m²,8.80 €/m²,"2|Jänese tee 12-5, Vorbuse, Tartu",85.2 m²,4,"Korrus 1/2, ehitusaasta 1995, heas korras, keraamiline pliit, boiler, dušš, vann, ..."
770 €  10.1 €/m²,10.1 €/m²,"2|Turu tn 45b, Ropka tööstusrajoon, Tartu linn, Tartu",76.5 m²,3,"Kinnistu, ehitusaasta 2025, uus, induktsioonpliit, dušš, wc ja vannituba eraldi, boiler, ..."
949 €  29.4 €/m²,29.4 €/m²,"2|Raekoja plats 4-1, Kesklinn, Tartu linn, Tartu",32.3 m²,2,"Korrus 1/5, Korteriomand, kivimaja, ehitusaasta 2026, uus, lift, parkett, toad eraldi, ..."
999 €  31 €/m²,31 €/m²,"2|Raekoja plats, Kesklinn, Tartu linn, Tartu",32.2 m²,2,"Korrus 2/5, Korteriomand, kivimaja, ehitusaasta 2026, uus, dušš, mööbel, toad eraldi, ..."
450 €  15.1 €/m²,15.1 €/m²,"2|Kristalli 12, Ränilinn, Tartu linn, Tartu",29.8 m²,1,"Korrus 3/4, Korteriomand, paneelmaja, ehitusaasta 2019, heas korras, keraamiline pliit, ..."
430 €  9.47 €/m²,9.47 €/m²,"2|Kuperjanovi 56, Vaksali, Tartu linn, Tartu",45.4 m²,2,"Korrus 2/2, ehitusaasta 1920, renoveeritud, boiler, dušš, vann, uus torustik, ahjuküte, ..."
590 €  17.1 €/m²,17.1 €/m²,"2|Rebase tn 17, Karlova, Tartu linn, Tartu",34.5 m²,2,"Korrus 4/6, kivimaja, ehitusaasta 2014, uus, induktsioonpliit, dušš, keskküte, ..."
259 €  13 €/m²,13 €/m²,"2|Õnne, Karlova, Tartu linn, Tartu",20 m²,1,"Korrus 3/3, kivimaja, renoveeritud, elektripliit, vann, dušš, boiler, saun, keskküte, ..."
750 €  11.5 €/m²,11.5 €/m²,"2|Kukerpuu 5, Raadi-Kruusamäe, Tartu linn, Tartu",65.5 m²,3,"Korrus 2/3, paneelmaja, ehitusaasta 2026, uus, elektripliit, dušš, keskküte, rõdu ..."
450 €  9.98 €/m²,9.98 €/m²,"2|Tartu, Ülikooli 6, Kesklinn, Tartu linn, Tartu",45.1 m²,2,"Korrus 1/4, Korteriomand, kivimaja, heas korras, köök 4 m², dušš, keskküte, ..."
240 €  12 €/m²,12 €/m²,"2|Tähe, Karlova, Tartu linn, Tartu",20 m²,1,"Korrus 2/2, keskmises seisukorras, elektripliit, dušš, boiler, keskküte, avatud köök, ..."
595 €  9.44 €/m²,9.44 €/m²,"2|Mõisavahe tn 23, Annelinn, Tartu linn, Tartu",63 m²,3,"Korrus 5/5, Korteriomand, paneelmaja, ehitusaasta 1981, heas korras, gaasipliit, dušš, ..."
690 €  11.2 €/m²,11.2 €/m²,"2|Lepiku, Supilinn, Tartu linn, Tartu",61.7 m²,3,"Korrus 3/3, Korteriomand, puitmaja, ehitusaasta 1977, renoveeritud, elektripliit, dušš, ..."
230 €  8.42 €/m²,8.42 €/m²,"2|Võru tn, Karlova, Tartu linn, Tartu",27.3 m²,1,"Korrus 2/3, heas korras, induktsioonpliit, dušš, boiler, ahjuküte, avatud köök, külmik, ..."
550 €  10.6 €/m²,10.6 €/m²,"2|Luha 6, Annelinn, Tartu linn, Tartu",52.1 m²,2,"Korrus 8/8, ehitusaasta 2006, heas korras, elektripliit, dušš, keskküte, rõdu ..."
720 €  10.9 €/m²,10.9 €/m²,"2|Narva mnt 101a, Ülejõe, Tartu linn, Tartu",66.3 m²,2,"Korrus 2/3, Korteriomand, paneelmaja, ehitusaasta 2021, uus, keraamiline pliit, dušš, ..."
580 €  17.6 €/m²,17.6 €/m²,"2|Siili tn 1-49, Karlova, Tartu linn, Tartu",32.9 m²,2,"Korrus 6/6, kivimaja, ehitusaasta 2023, heas korras, induktsioonpliit, köök , dušš, ..."
325 €  19.7 €/m²,19.7 €/m²,"2|Puiestee, Narvamäe, Tartu linn, Tartu",16.5 m²,1,"Korrus 2/2, renoveeritud, dušš, uus torustik, keskküte, avatud köök, külmik, Internet, ..."
375 €  10.7 €/m²,10.7 €/m²,"2|Võru tn 57, Karlova, Tartu linn, Tartu",35 m²,1,"Korrus 2/2, puitmaja, heas korras, dušš, keskküte, avatud köök, külmik, toad eraldi, ..."
650 €  17.6 €/m²,17.6 €/m²,"2|Hiie tn 15, Tähtvere, Tartu linn, Tartu",37 m²,2,"Korrus 3/3, Korteriomand, kivimaja, ehitusaasta 2022, heas korras, induktsioonpliit, ..."
340 €  21.3 €/m²,21.3 €/m²,"2|Tasuja tn, Maarjamõisa, Tammelinn, Tartu linn, Tartu",16 m²,1,"Korrus 1/2, renoveeritud, induktsioonpliit, dušš, põrandaküte, Õhk-vesisoojuspump, ..."
590 €  10.7 €/m²,10.7 €/m²,"2|Uus-veeriku tee 22/24, Ihaste, Tartu linn, Tartu",55 m²,2,"Korrus 1/2, Korteriomand, kivimaja, ehitusaasta 2006, keskmises seisukorras, keraamiline ..."
560 €  11.4 €/m²,11.4 €/m²,"2|Kvartsi 5, Ränilinn, Tartu linn, Tartu",49.2 m²,2,"Korrus 2/3, Korteriomand, ehitusaasta 2023, heas korras, dušš, keskküte, rõdu ..."
330 €  13.2 €/m²,13.2 €/m²,"2|N.Lunini 17, Maarjamõisa, Tartu linn, Tartu",25 m²,1,"Korrus 2/2, ehitusaasta 1920, renoveeritud, keraamiline pliit, boiler, dušš, uus ..."
600 €  11.8 €/m²,11.8 €/m²,"2|Ropka tn 2-18, Ropka, Tartu linn, Tartu",51 m²,2,"Korrus 1/3, Korteriomand, kivimaja, ehitusaasta 2022, uus, elektripliit, uus torustik, ..."
310 €  20 €/m²,20 €/m²,"2|Kalevi tn, Kesklinn, Tartu linn, Tartu",15.5 m²,1,"Korrus 2/2, heas korras, dušš, wc ja vannituba eraldi, õhksoojuspump, külmik, pesumasin, ..."
350 €  14.6 €/m²,14.6 €/m²,"2|Kivi tn, Tiigi tn. 6, Kesklinn, Tartu linn, Tartu",24 m²,1,"Korrus 2/5, Korteriomand, kivimaja, ehitusaasta 2002, renoveeritud, elektripliit, ..."
750 €  16 €/m²,16 €/m²,"2|Siili tn 12, Karlova, Tartu linn, Tartu",47 m²,2,"Korrus 7/8, ehitusaasta 2026, uus, induktsioonpliit, dušš, põrandaküte, keskküte, rõdu ..."
470 €  9.40 €/m²,9.40 €/m²,"2|Puiestee 77, Ülejõe, Tartu linn, Tartu",50 m²,2,"Kivimaja, renoveeritud, induktsioonpliit, vann, dušš, boiler, uus torustik, keskküte, ..."
825 €  15.3 €/m²,15.3 €/m²,"2|Ihaste põik 34, Annelinn, Tartu linn, Tartu",53.9 m²,3,"Korrus 1/6, ehitusaasta 2022, uus, keraamiline pliit, dušš, uus torustik, keskküte, ..."
250 €  3.73 €/m²,3.73 €/m²,"2|Tähtvere tn 18c, Tähtvere, Tartu linn, Tartu",67 m²,1,"Korteriomand, kivimaja, ehitusaasta 1949, heas korras, elektripliit, vann, boiler, dušš, ..."
600 €  11.1 €/m²,11.1 €/m²,"2|Raatuse tn 18, Kesklinn, Tartu linn, Tartu",54.1 m²,2,"Korrus 5/5, Korteriomand, kivimaja, ehitusaasta 2006, uus, keraamiline pliit, dušš, ..."
530 €  8.83 €/m²,8.83 €/m²,"2|Uus Veeriku tee 32, Ihaste, Tartu linn, Tartu",60 m²,2,"Korrus 1/2, Korteriomand, paneelmaja, ehitusaasta 2008, uus, keraamiline pliit, dušš, ..."
430 €  8.96 €/m²,8.96 €/m²,"2|Võru tn 53a-1, Karlova, Tartu linn, Tartu",48 m²,1,"Korrus 1/3, kivimaja, ehitusaasta 1962, heas korras, elektripliit, dušš, boiler, ..."
520 €  13.1 €/m²,13.1 €/m²,"2|Rüütli 18, Kesklinn, Tartu linn, Tartu",39.7 m²,2,"Korrus 3/3, ehitusaasta 1781, renoveeritud, induktsioonpliit, dušš, uus torustik, ..."
420 €  10.8 €/m²,10.8 €/m²,"2|Uus tn, Ülejõe, Tartu linn, Tartu",39 m²,2,"Korrus 5/5, ehitusaasta 1960, heas korras, gaasipliit, uus torustik, dušš, keskküte, ..."
205 €  13.7 €/m²,13.7 €/m²,"2|Leevikese tn 13, Tammelinn, Tartu linn, Tartu",15 m²,1,"Keskmises seisukorras, elektripliit, boiler, dušš, keskküte, külmik, Internet, ..."
615 €  13.3 €/m²,13.3 €/m²,"2|Ida tn 2b-17, Jaamamõisa, Tartu linn, Tartu",46.4 m²,2,"Korrus 3/3, puitmaja, ehitusaasta 2007, renoveeritud, keraamiline pliit, dušš, ..."
650 €  14.3 €/m²,14.3 €/m²,"2|Riia tn 22b, Kesklinn, Tartu linn, Tartu",45.4 m²,2,"Korrus 2/7, ehitusaasta 2018, uus, induktsioonpliit, dušš, keskküte, avatud köök, ..."
550 €  12.3 €/m²,12.3 €/m²,"2|Tähtvere tn 40, Tähtvere, Tartu linn, Tartu",44.8 m²,2,"Kivimaja, ehitusaasta 2015, uus, elektripliit, köök 4 m², dušš, põrandaküte, ..."
450 €  19.6 €/m²,19.6 €/m²,"2|Puiestee, Kesklinn, Tartu linn, Tartu",23 m²,1,"Korrus 2/2, kivimaja, renoveeritud, elektripliit, uus torustik, dušš, keskküte, avatud ..."
590 €  13.1 €/m²,13.1 €/m²,"2|Stardiraja tn 1-25, Raadi-Kruusamäe, Tartu linn, Tartu",45.1 m²,2,"Korrus 3/4, ehitusaasta 2026, uus, dušš, rõdu 5 m², mööbel, toad eraldi, lift, ..."
400 €  25.2 €/m²,25.2 €/m²,"1|Ujula 79-14, Ülejõe, Tartu linn, Tartu",15.9 m²,1,"Korrus 2/2, Korteriomand, kivimaja, ehitusaasta 2022, uus, induktsioonpliit, uus ..."
750 €  14.5 €/m²,14.5 €/m²,"1|Jaani tn 20, Kesklinn, Tartu linn, Tartu",51.9 m²,2,"Korteriomand, kivimaja, ehitusaasta 1690, heas korras, induktsioonpliit, wc ja vannituba ..."
325 €  21.7 €/m²,21.7 €/m²,"1|Puiestee tn, Kesklinn, Tartu",15 m²,1,"Korrus 2/2, Korteriomand, kivimaja, heas korras, elektripliit, dušš, keskküte, avatud ..."
420 €  26.3 €/m²,26.3 €/m²,"1|Kastani 105, Karlova, Tartu linn, Tartu",16 m²,1,"Korrus 3/4, paneelmaja, ehitusaasta 2026, uus, dušš, uus torustik, keskküte, avatud ..."
425 €  20.3 €/m²,20.3 €/m²,"1|Ujula tn 47, Ülejõe, Tartu linn, Tartu",20.9 m²,1,"Korrus 1/2, Korteriomand, puitmaja, ehitusaasta 1977, renoveeritud, induktsioonpliit, ..."
500 €  10.2 €/m²,10.2 €/m²,"1|Jalaka tn, Ropka tööstusrajoon, Tartu linn, Tartu",49 m²,2,"Korrus 1/5, Korteriomand, paneelmaja, ehitusaasta 1995, renoveeritud, induktsioonpliit, ..."
400 €  8.15 €/m²,8.15 €/m²,"1|Kaunase pst 46, Annelinn, Tartu linn, Tartu",49.1 m²,2,"Korrus 5/5, ehitusaasta 1980, heas korras, gaasipliit, dušš, vann, wc ja vannituba ..."
430 €  12.7 €/m²,12.7 €/m²,"1|Kuperjanovi 42a, Vaksali, Tartu linn, Tartu",34 m²,1,"Renoveeritud, dušš, keskküte, külmik, mööbel, terrass, TV, kinnine hoov, eraldi ..."
575 €  11.5 €/m²,11.5 €/m²,"1|Uus 13c, Ülejõe, Tartu linn, Tartu",50.2 m²,3,"Korrus 1/5, Korteriomand, heas korras, gaasipliit, dušš, uus torustik, keskküte, külmik, ..."
650 €  16.2 €/m²,16.2 €/m²,"1|Pargi tn 10, Karlova, Tartu linn, Tartu",40.1 m²,2,"Korrus 3/3, ehitusaasta 2019, uus, dušš, põrandaküte, keskküte, avatud köök, külmik, ..."
460 €  9.60 €/m²,9.60 €/m²,"1|Võru tn 100, Karlova, Tartu linn, Tartu",47.9 m²,2,"Korrus 3/3, Korteriomand, kivimaja, ehitusaasta 2007, heas korras, elektripliit, dušš, ..."
270 €  4.15 €/m²,4.15 €/m²,"1|Pikk tn, Ülejõe, Tartu linn, Tartu",65 m²,3,"Korrus 5/5, ehitusaasta 1987, heas korras, elektripliit, dušš, wc ja vannituba eraldi, ..."
525 €  12.2 €/m²,12.2 €/m²,"1|Pepleri tn 12, Kesklinn, Tartu linn, Tartu",43 m²,2,"Korrus 4/4, Kaasomand, kivimaja, ehitusaasta 1963, heas korras, elektripliit, dušš, uus ..."
420 €  14 €/m²,14 €/m²,"1|Viljandi mnt 74, Veeriku, Tartu linn, Tartu",30 m²,2,"Korrus 2/2, kivimaja, renoveeritud, elektripliit, köök 6 m², boiler, uus torustik, ..."
570 €  13.8 €/m²,13.8 €/m²,"1|Raatuse tn 82, Ülejõe, Tartu linn, Tartu",41.3 m²,2,"Korrus 2/5, ehitusaasta 2007, renoveeritud, induktsioonpliit, dušš, vann, keskküte, ..."
520 €  18.6 €/m²,18.6 €/m²,"1|Nelgi tn 13, Maarjamõisa, Kesklinn, Tartu linn, Tartu",28 m²,2,"Korrus 2/2, kivimaja, uus, elektripliit, dušš, keskküte, rõdu 7 m², avatud köök, ..."
560 €  7 €/m²,7 €/m²,"1|Turu tn 45b, Ropka tööstusrajoon, Tartu linn, Tartu",80 m²,3,"Korrus 3/3, Kinnistu, paneelmaja, ehitusaasta 2006, heas korras, boiler, dušš, ..."
320 €  12.8 €/m²,12.8 €/m²,"1|Saekoja, Karlova, Tartu linn, Tartu",25 m²,1,"Kinnistu, puitmaja, renoveeritud, elektripliit, uus torustik, boiler, dušš, põrandaküte, ..."
500 €  10.6 €/m²,10.6 €/m²,"1|põhja pst 31, Jaamamõisa, Tartu linn, Tartu",47.2 m²,2,"Korrus 5/5, paneelmaja, renoveeritud, uus torustik, dušš, vann, keskküte, rõdu ..."
420 €  10.5 €/m²,10.5 €/m²,"1|Jaama tn 27, Ülejõe, Tartu linn, Tartu",40.1 m²,2,"Korrus 1/2, puitmaja, renoveeritud, uus torustik, vann, dušš, boiler, põrandaküte, ..."
400 €  11.4 €/m²,11.4 €/m²,"1|Väike kaar 84, Tammelinn, Tartu linn, Tartu",35.2 m²,2,"Korrus 1/2, heas korras, dušš, uus torustik, keskküte, ahjuküte, õhksoojuspump, külmik, ..."
650 €  9.29 €/m²,9.29 €/m²,"1|Koidu tn 26, Karlova, Tartu linn, Tartu",70 m²,2,"Ehitusaasta 1977, heas korras, dušš, wc ja vannituba eraldi, uus torustik, boiler, ..."
350 €  14.6 €/m²,14.6 €/m²,"1|Linda 15-2, Karlova, Tartu linn, Tartu",24 m²,1,"Korrus 1/3, puitmaja, renoveeritud, induktsioonpliit, dušš, boiler, ahjuküte, ..."
430 €  9.35 €/m²,9.35 €/m²,"1|Jaama tn 51, Ülejõe, Tartu linn, Tartu",46 m²,2,"Korrus 2/3, Korteriomand, kivimaja, ehitusaasta 1936, keskmises seisukorras, ..."
400 €  9.09 €/m²,9.09 €/m²,"1|Kruusamäe tn, Raadi-Kruusamäe, Tartu linn, Tartu",44 m²,2,"Korrus 1/2, kivimaja, ehitusaasta 2015, heas korras, keraamiline pliit, dušš, keskküte, ..."
440 €  25.6 €/m²,25.6 €/m²,"1|Raatuse 23, Apartments at hugo.stay, Kesklinn, Tartu linn, Tartu",17.2 m²,1,"Kivimaja, ehitusaasta 2019, uus, keraamiline pliit, dušš, uus torustik, põrandaküte, ..."
490 €  11.7 €/m²,11.7 €/m²,"1|J. Kuperjanovi tn 42, Vaksali, Tartu linn, Tartu",42 m²,2,"Korrus 1/2, Kinnistu, kivimaja, ehitusaasta 1882, renoveeritud, köök 12 m², uus ..."
450 €  13.5 €/m²,13.5 €/m²,"1|Raatuse tn, Ülejõe, Kesklinn, Tartu linn, Tartu",33.4 m²,1,"Korrus 2/3, Korteriomand, palkmaja, ehitusaasta 2007, renoveeritud, keraamiline pliit, ..."
425 €  8.67 €/m²,8.67 €/m²,"1|Kaunase pst 10a, Annelinn, Tartu linn, Tartu",49 m²,2,"Korrus 3/5, paneelmaja, ehitusaasta 1978, renoveeritud, induktsioonpliit, köök ..."
400 €  10.4 €/m²,10.4 €/m²,"1|Pärna allee, Raadi alev, Raadi-Kruusamäe, Tartu linn, Tartu",38.3 m²,1,"Korrus 1/3, Korteriomand, kivimaja, ehitusaasta 2014, heas korras, keraamiline pliit, ..."
440 €  11.3 €/m²,11.3 €/m²,"1|Tiigi tn 23, Kesklinn, Tartu linn, Tartu",38.9 m²,2,"Korrus 3/3, Korteriomand, kivimaja, ehitusaasta 1959, renoveeritud, pakettaknad, mööbel, ..."
550 €  16 €/m²,16 €/m²,"1|Küüni, Kesklinn, Tartu linn, Tartu",34.4 m²,1,"3. korrus, heas korras, induktsioonpliit, dušš, keskküte, avatud köök, külmik, TV, ..."
670 €  11.7 €/m²,11.7 €/m²,"1|Kalevi tn 4, Kesklinn, Tartu linn, Tartu",57.5 m²,2,"Korrus 3/4, Korteriomand, kivimaja, uus, keraamiline pliit, dušš, vann, keskküte, avatud ..."
400 €  10.4 €/m²,10.4 €/m²,"1|Tähe 67, Karlova, Tartu linn, Tartu",38.4 m²,2,"Korrus 2/2, ehitusaasta 1977, heas korras, elektripliit, boiler, vann, ahjuküte, avatud ..."
550 €  11.5 €/m²,11.5 €/m²,"1|Tähe tn 28, Kesklinn, Karlova, Tartu linn, Tartu",47.8 m²,2,"Korrus 2/3, Korteriomand, kivimaja, ehitusaasta 2007, renoveeritud, elektripliit, uus ..."
390 €  14.4 €/m²,14.4 €/m²,"1|Lääne tn 13, Jaamamõisa, Tartu linn, Tartu",27 m²,1,"Korrus 2/5, ehitusaasta 1978, renoveeritud, dušš, keskküte, avatud köök, külmik, ..."
360 €  15.4 €/m²,15.4 €/m²,"1|Pärnasalu 11, Ränilinn, Tartu linn, Tartu",23.4 m²,1,"Ehitusaasta 2026, uus, elektripliit, dušš, põrandaküte, keskküte, rõdu 5 m², ..."
400 €  14.2 €/m²,14.2 €/m²,"1|L. Tolstoi tn, Karlova, Tartu linn, Tartu",28.1 m²,2,"Korrus 3/3, Korteriomand, puitmaja, ehitusaasta 1977, renoveeritud, induktsioonpliit, ..."
570 €  16.7 €/m²,16.7 €/m²,"1|Rebase tn, Kesklinn, Tartu linn, Tartu",34.2 m²,2,"Korrus 5/5, Korteriomand, ehitusaasta 2024, uus, induktsioonpliit, dušš, uus torustik, ..."
420 €  14 €/m²,14 €/m²,"1|L. Puusepa tn 29, Tartu linn, Tartu",30 m²,1,"Korrus 2/3, Korteriomand, kivimaja, ehitusaasta 1960, renoveeritud, dušš, keskküte, ..."
560 €  15.1 €/m²,15.1 €/m²,"1|Turu 19, Kesklinn, Tartu linn, Tartu",37 m²,2,"Korrus 5/5, Korteriomand, kivimaja, ehitusaasta 1964, renoveeritud, induktsioonpliit, ..."
370 €  11.2 €/m²,11.2 €/m²,"1|Kaunase pst 81, Annelinn, Tartu linn, Tartu",33.1 m²,1,"Korrus 8/9, paneelmaja, ehitusaasta 1991, renoveeritud, induktsioonpliit, köök ..."
480 €  7.38 €/m²,7.38 €/m²,"1|Aardla tn 79, Tammelinn, Tartu linn, Tartu",65 m²,2,"Korrus 1/2, Kinnistu, kivimaja, ehitusaasta 1973, renoveeritud, elektripliit, köök ..."
550 €  11.2 €/m²,11.2 €/m²,"1|Raadiraja 28, Raadi-Kruusamäe, Tartu linn, Tartu",49.1 m²,2,"Korrus 2/4, Korteriomand, kivimaja, ehitusaasta 2021, uus, keraamiline pliit, dušš, uus ..."
450 €  9.85 €/m²,9.85 €/m²,"1|Jaama tn 183, Annelinn, Tartu linn, Tartu",45.7 m²,2,"Korrus 1/9, ehitusaasta 1995, heas korras, induktsioonpliit, vann, wc ja vannituba ..."
280 €  8.31 €/m²,8.31 €/m²,"1|Kaunase pst 12, Annelinn, Annelinn, Tartu linn, Tartu",33.7 m²,1,"Korrus 2/5, Korteriomand, paneelmaja, san. remont tehtud, elektripliit, vann, wc ja ..."
595 €  11.7 €/m²,11.7 €/m²,"1|Räni põik 14, Tammelinn, Tartu linn, Tartu",51 m²,2,"Korrus 1/2, kivimaja, ehitusaasta 2020, uus, induktsioonpliit, köök 11 m², wc ja ..."
465 €  9.69 €/m²,9.69 €/m²,"1|Rahu 9, Ropka, Tartu linn, Tartu",48 m²,2,"Korrus 2/5, kivimaja, ehitusaasta 1975, heas korras, köök 9 m², vann, keskküte, ..."
195 €  16.3 €/m²,16.3 €/m²,"1|Narva mnt 149-28, Ülejõe, Tartu linn, Tartu",12 m²,1,"Korrus 2/5, Kaasomand, kivimaja, ehitusaasta 2019, renoveeritud, elektripliit, köök ..."
380 €  13.1 €/m²,13.1 €/m²,"1|Pikk 76, Kesklinn, Tartu linn, Tartu",29 m²,1,"Korrus 3/5, kivimaja, renoveeritud, keskküte, parkett, pakettaknad, mööbel, uus ..."
700 €  17.5 €/m²,17.5 €/m²,"1|Fortuuna 33-4, Kesklinn, Tartu linn, Tartu",40 m²,2,"Korrus 2/5, Korteriomand, kivimaja, ehitusaasta 2023, uus, induktsioonpliit, dušš, saun, ..."
425 €  12.7 €/m²,12.7 €/m²,"1|Ropka 6, Ropka, Tartu linn, Tartu",33.6 m²,1,"Korrus 1/5, Korteriomand, paneelmaja, renoveeritud, keraamiline pliit, wc ja vannituba ..."
550 €  12.6 €/m²,12.6 €/m²,"1|Raatuse 49, Ülejõe, Tartu linn, Tartu",43.8 m²,2,"Korrus 3/3, Korteriomand, kivimaja, ehitusaasta 2016, heas korras, elektripliit, uus ..."
850 €  15.2 €/m²,15.2 €/m²,"1|Fortuuna tn 23a, Ülejõe, Tartu linn, Tartu",56.1 m²,2,"Korrus 1/4, ehitusaasta 2021, heas korras, dušš, põrandaküte, rõdu 21 m², avatud ..."
250 €  11.7 €/m²,11.7 €/m²,"1|Riia 26, Kesklinn, Tartu linn, Tartu",21.4 m²,1,"Korrus 2/3, kivimaja, heas korras, elektripliit, saun, dušš, keskküte, avatud köök, ..."
750 €  37.5 €/m²,37.5 €/m²,"1|Lai 29, Kesklinn, Tartu linn, Tartu",20 m²,1,"2. korrus, ehitusaasta 2020, heas korras, induktsioonpliit, uus torustik, dušš, ..."
630 €  14.3 €/m²,14.3 €/m²,"1|Pärnasalu 1, Ränilinn, Tartu linn, Tartu",44 m²,2,"Korrus 3/3, ehitusaasta 2026, uus, elektripliit, dušš, keskküte, rõdu 10 m², avatud ..."
500 €  12.1 €/m²,12.1 €/m²,"1|Alevi tn 30, Karlova, Tartu linn, Tartu",41.2 m²,2,"Korrus 1/3, Korteriomand, kivimaja, ehitusaasta 2004, heas korras, elektripliit, dušš, ..."
310 €  11.2 €/m²,11.2 €/m²,"1|Mõisavahe 65, Annelinn, Tartu linn, Tartu",27.8 m²,1,"Korrus 2/5, ehitusaasta 2002, keskmises seisukorras, keraamiline pliit, keskküte"
370 €  30.8 €/m²,30.8 €/m²,"Pepleri tn 34, Südalinn, Kesklinn, Tartu linn, Tartu",12 m²,1,"Korrus 4/5, Korteriomand, ehitusaasta 2022, uus, elektripliit, dušš, uus torustik, ..."
480 €  10 €/m²,10 €/m²,"Rahu 3a, Ropka, Tartu linn, Tartu",47.9 m²,2,"Korrus 5/5, Korteriomand, paneelmaja, ehitusaasta 1977, renoveeritud, elektripliit, wc ..."
645 €  10.4 €/m²,10.4 €/m²,"Koidu 10, Kesklinn, Tartu linn, Tartu",62.2 m²,2,"Korrus 2/3, Korteriomand, kivimaja, ehitusaasta 1960, renoveeritud, elektripliit, dušš, ..."
300 €  11 €/m²,11 €/m²,"Aleksandri 30, Kesklinn, Tartu linn, Tartu",27.3 m²,1,"Korrus 2/2, Korteriomand, puitmaja, keskmises seisukorras, elektripliit, dušš, boiler, ..."
950 €  10.8 €/m²,10.8 €/m²,"Sõbra 44, Karlova, Tartu linn, Tartu",87.8 m²,3,"Korrus 2/2, Korteriomand, kivimaja, ehitusaasta 2008, renoveeritud, keraamiline pliit, ..."
600 €  10.4 €/m²,10.4 €/m²,"Raatuse tn 83, Ülejõe, Tartu linn, Tartu",57.5 m²,2,"Korrus 4/4, Korteriomand, kivimaja, ehitusaasta 2010, heas korras, induktsioonpliit, ..."
380 €  24.7 €/m²,24.7 €/m²,"Kastani tn 105, Kesklinn, Tartu linn, Tartu",15.4 m²,1,"Korrus 2/4, Korteriomand, kivimaja, ehitusaasta 2026, uus, elektripliit, uus torustik, ..."
570 €  24.4 €/m²,24.4 €/m²,"Pikk tn 39-68, Kesklinn, Tartu linn, Tartu",23.4 m²,1,"Korrus 6/6, Kinnistu, kivimaja, ehitusaasta 2026, uus, dušš, keskküte, põrandaküte, rõdu ..."
1 100 €  13.2 €/m²,13.2 €/m²,"Stardiraja 3, Raadi-Kruusamäe, Tartu linn, Tartu",83.6 m²,4,"Korrus 1/3, kivimaja, ehitusaasta 2025, uus, elektripliit, dušš, keskküte, köök, avatud ..."
420 €  10.6 €/m²,10.6 €/m²,"Raatuse 107, Ülejõe, Tartu linn, Tartu",39.6 m²,1,"Korrus 2/4, Korteriomand, kivimaja, ehitusaasta 2013, uus, elektripliit, dušš, keskküte, ..."
600 €  17.2 €/m²,17.2 €/m²,"Lääne tn 14, Jaamamõisa, Tartu linn, Tartu",34.8 m²,2,"Korrus 2/4, Korteriomand, kivimaja, ehitusaasta 2025, uus, induktsioonpliit, dušš, ..."
370 €  5.61 €/m²,5.61 €/m²,"Kaunase pst 3, Annelinn, Tartu linn, Tartu",66 m²,3,"Korrus 3/5, Korteriomand, paneelmaja, ehitusaasta 1977, heas korras, dušš, uus torustik, ..."
475 €  11 €/m²,11 €/m²,"Nõlvaku tn 17, Annelinn, Tartu linn, Tartu",43.2 m²,2,"Korrus 3/6, Korteriomand, paneelmaja, ehitusaasta 1993, valmis, dušš, wc ja vannituba ..."
555 €  14.3 €/m²,14.3 €/m²,"Tiigi tn 9, Kesklinn, Tartu linn, Tartu",38.8 m²,2,"Korrus 2/4, Korteriomand, kivimaja, ehitusaasta 1962, renoveeritud, uus torustik, ..."
900 €  8.82 €/m²,8.82 €/m²,"Nõlvaku tn 13-1, Annelinn, Tartu linn, Tartu",102 m²,5,"Korrus 1/4, renoveeritud, induktsioonpliit, uus torustik, boiler, dušš, wc ja vannituba ..."
220 €  7.86 €/m²,7.86 €/m²,"Võru tn 10, Kesklinn, Tartu linn, Tartu",28 m²,1,"Korrus 2/2, puitmaja, ehitusaasta 1948, san. remont tehtud, elektripliit, dušš, wc ja ..."
230 €  8.85 €/m²,8.85 €/m²,"Peetri tn 28-11, Raadi-Kruusamäe, Tartu linn, Tartu",26 m²,1,"Korrus 2/2, ehitusaasta 1970, renoveeritud, dušš, wc ja vannituba eraldi, keskküte, ..."
450 €  11.1 €/m²,11.1 €/m²,"Aardla tn 21, Korter vabaneb 1.10.2026., Ropka, Tartu linn, Tartu",40.7 m²,2,"Korrus 2/4, Korteriomand, kivimaja, renoveeritud, gaasipliit, dušš, keskküte, avatud ..."
400 €  9.26 €/m²,9.26 €/m²,"Pikk tn 2, Ülejõe, Tartu linn, Tartu",43.2 m²,2,"Korrus 2/5, Korteriomand, paneelmaja, ehitusaasta 1970, heas korras, induktsioonpliit, ..."
400 €  26.7 €/m²,26.7 €/m²,"Mõisavahe 21-A5, Annelinn, Tartu linn, Tartu",15 m²,1,"Korrus 2/2, kivimaja, renoveeritud, vann, keskküte, Internet, kaabelTV, TV, eraldi ..."
390 €  8.41 €/m²,8.41 €/m²,"Aardla 136, Ränilinn, Tartu linn, Tartu",46.4 m²,2,"Korrus 3/4, Korteriomand, paneelmaja, ehitusaasta 1979, heas korras, keraamiline pliit, ..."
690 €  18.7 €/m²,18.7 €/m²,"Filosoofi 1, Kesklinna piiril, Vaksali, Tartu linn, Tartu",37 m²,,"Korteriomand, kivimaja, uus"
315 €  18.8 €/m²,18.8 €/m²,"Tiigi 6, Kesklinn, Tartu linn, Tartu",16.8 m²,1,"Korrus 3/5, Korteriomand, kivimaja, heas korras, keraamiline pliit, wc ja vannituba ..."
590 €  12.4 €/m²,12.4 €/m²,"Kristalli tn 16, Ränilinn, Tartu linn, Tartu",47.5 m²,2,"Korrus 4/4, kivimaja, ehitusaasta 2019, uus, keraamiline pliit, dušš, uus torustik, ..."
450 €  16.7 €/m²,16.7 €/m²,"Ujula tn 79, Ülejõe, Tartu linn, Tartu",26.9 m²,2,"Korrus 1/2, Korteriomand, paneelmaja, ehitusaasta 2022, uus, dušš, uus torustik, ..."
540 €  16.4 €/m²,16.4 €/m²,"Kivi 59, Kesklinn, Tartu linn, Tartu",33 m²,1,"Korrus 3/3, kivimaja, ehitusaasta 2015, uus, keraamiline pliit, dušš, uus torustik, ..."
590 €  11.8 €/m²,11.8 €/m²,"Uus tn 13C, Ülejõe, Tartu",50 m²,3,"Korrus 3/5, Korteriomand, paneelmaja, ehitusaasta 1965, uus"
580 €  9.85 €/m²,9.85 €/m²,"Kivi 21, Kesklinn, Tartu linn, Tartu",58.9 m²,2,"Korrus 2/5, Korteriomand, valmis"
500 €  14.4 €/m²,14.4 €/m²,"Kulli 4, Tammelinn, Tartu linn, Tartu",34.8 m²,1,"Korrus 1/3, Korteriomand, kivimaja, ehitusaasta 2006, renoveeritud, keraamiline pliit, ..."
320 €  9.55 €/m²,9.55 €/m²,"Uus tn 60, Ees-Annelinn, Annelinn, Tartu linn, Tartu",33.5 m²,1,"Korrus 4/5, Korteriomand, paneelmaja, ehitusaasta 1988, keskmises seisukorras, vann, ..."
550 €  9.03 €/m²,9.03 €/m²,"Jakobi tn 25, Kesklinn, Tartu",60.9 m²,1,"Korrus 1/3, Korteriomand, kivimaja, ehitusaasta 2015, heas korras, dušš, põrandaküte, ..."
650 €  13.5 €/m²,13.5 €/m²,"Vahi tn 11/1-4, Raadi-Kruusamäe, Tartu linn, Tartu",48.1 m²,2,"Korrus 1/3, ehitusaasta 2025, uus, keraamiline pliit, dušš, keskküte, põrandaküte, ..."
700 €  10.7 €/m²,10.7 €/m²,"Kaunase pst 46, Taga-Annelinna, Annelinn, Tartu linn, Tartu",65.5 m²,3,"Korrus 2/5, Korteriomand, paneelmaja, ehitusaasta 1980, heas korras, keraamiline pliit, ..."
650 €  14.8 €/m²,14.8 €/m²,"Riia 20b, Kesklinn, Tartu linn, Tartu",44 m²,2,"Korrus 4/7, paneelmaja, ehitusaasta 2020, heas korras, elektripliit, põrandaküte, ..."
230 €  13.5 €/m²,13.5 €/m²,"Tiigi 6, Kesklinn, Tartu linn, Tartu",17 m²,1,"Korrus 3/5, Korteriomand, kivimaja, heas korras, parkett, pakettaknad, mööbel, mööbli ..."
840 €  7.64 €/m²,7.64 €/m²,"Fortuuna 1, Kesklinn, Tartu linn, Tartu",110 m²,3,"Korrus 9/9, Korteriomand, ehitusaasta 1998, keskmises seisukorras, elektripliit, saun, ..."
390 €  8.26 €/m²,8.26 €/m²,"Muru tn 10, Raadi-Kruusamäe, Tartu linn, Tartu",47.2 m²,2,"Korrus 1/5, Korteriomand, paneelmaja, ehitusaasta 1995, keskmises seisukorras, ..."
520 €  9.29 €/m²,9.29 €/m²,"Jalaka 46, Ropka tööstusrajoon, Tartu linn, Tartu",56 m²,3,"Korrus 3/5, Korteriomand, kivimaja, ehitusaasta 1967, heas korras, wc ja vannituba ..."
210 €  8.08 €/m²,8.08 €/m²,"Peetri tn 28-6, Raadi-Kruusamäe, Tartu linn, Tartu",26 m²,1,"Korrus 2/2, ehitusaasta 1970, renoveeritud, dušš, wc ja vannituba eraldi, keskküte, ..."
390 €  12.2 €/m²,12.2 €/m²,"Veeriku 12d, Veeriku, Tartu linn, Tartu",31.9 m²,1,"Korrus 2/4, Korteriomand, ehitusaasta 2006, heas korras, elektripliit, dušš, keskküte, ..."
395 €  11.6 €/m²,11.6 €/m²,"Raatuse tn 18, Kesklinn, Tartu linn, Tartu",34 m²,1,"Korrus 4/5, Korteriomand, ehitusaasta 2006, heas korras, elektripliit, dušš, keskküte, ..."
335 €  16.8 €/m²,16.8 €/m²,"Jaama 34, Ülejõe, Tartu linn, Tartu",20 m²,1,"Korrus 1/1, Kinnistu, puitmaja, ehitusaasta 2019, uus, induktsioonpliit, uus torustik, ..."
550 €  20 €/m²,20 €/m²,"Filosoofi tn 1-39, Vaksali, Tartu linn, Tartu",27.5 m²,2,"Korrus 3/3, ehitusaasta 2026, uus, põrandaküte, keskküte, Internet, kinnine hoov, ..."
495 €  11.5 €/m²,11.5 €/m²,"Kalda tee, Ülejõe, Tartu linn, Tartu",43 m²,2,"Ehitusaasta 1971, renoveeritud, wc ja vannituba eraldi, keskküte, külmik, rõdu kinnine, ..."
300 €  10.7 €/m²,10.7 €/m²,"Jaama tn 27-9a, Ülejõe, Tartu linn, Tartu",28 m²,2,"Kaasomand, puitmaja, ehitusaasta 1949, renoveeritud, elektripliit, boiler, dušš, uus ..."
240 €  21.8 €/m²,21.8 €/m²,"Tiigi 6, Kesklinn, Tartu linn, Tartu",11 m²,1,"Korrus 3/4, Korteriomand, renoveeritud, elektripliit, dušš, boiler, uus torustik, ..."
275 €  9.48 €/m²,9.48 €/m²,"Väike kaar 41a, Maarjamõisa, Tartu linn, Tartu",29 m²,1,"Korrus 3/3, san. remont tehtud, gaasipliit, boiler, dušš, elektriküte, külmik, Internet, ..."
560 €  19.9 €/m²,19.9 €/m²,"Ujula tn 2-19, Kesklinn, Ülejõe, Tartu linn, Tartu",28.1 m²,1,"Korrus 2/2, ehitusaasta 2026, uus, lift, parkett, pakettaknad, mööbel, TV"
650 €  9.70 €/m²,9.70 €/m²,"Aleksandri 8a, Kesklinn, Tartu linn, Tartu",67 m²,3,"Korrus 3/3, kivimaja, heas korras, dušš, wc ja vannituba eraldi, keskküte, külmik, ..."
440 €  9.71 €/m²,9.71 €/m²,"Ravila 52, Veeriku, Tartu linn, Tartu",45.3 m²,2,"Korrus 4/5, kivimaja, ehitusaasta 1984, keskmises seisukorras, dušš, wc ja vannituba ..."
420 €  8.77 €/m²,8.77 €/m²,"Pikk 78, Ülejõe, Tartu linn, Tartu",47.9 m²,2,"Korrus 2/5, keskmises seisukorras, keskküte, tsentraalne vesi, trepikoda lukus"
550 €  11.7 €/m²,11.7 €/m²,"Aardla tn 124, Ränilinn, Tartu linn, Tartu",46.9 m²,3,"Korrus 5/5, Korteriomand, paneelmaja, ehitusaasta 1977, heas korras, elektripliit, dušš, ..."
1 100 €  12.7 €/m²,12.7 €/m²,"Erminurme tee 20, Raadi, Raadi-Kruusamäe, Tartu linn, Tartu",86.8 m²,4,"Korrus 1/2, Korteriomand, ehitusaasta 2023, uus, induktsioonpliit, dušš, saun, uus ..."
360 €  9.63 €/m²,9.63 €/m²,"Anne tn 49, Annelinn, Tartu linn, Tartu",37.4 m²,2,"Korrus 5/5, paneelmaja, ehitusaasta 1969, san. remont tehtud, gaasipliit, dušš, wc ja ..."
280 €  21.2 €/m²,21.2 €/m²,"Vanemuise tn 65, Vaksali, Tartu linn, Tartu",13.2 m²,1,"Korrus 2/3, kivimaja, renoveeritud, dušš, keskküte, avatud köök, külmik, köögimööbel, ..."
260 €  8.67 €/m²,8.67 €/m²,"Anne 35, Annelinn, Tartu linn, Tartu",30 m²,1,"Korrus 1/3, renoveeritud, keraamiline pliit, boiler, vann, keskküte, külmik, pesumasin, ..."
310 €  20.7 €/m²,20.7 €/m²,"Kaunase pst 43, Annelinn, Tartu linn, Tartu",15 m²,1,"Korrus 2/5, Korteriomand, paneelmaja, renoveeritud, gaasipliit, dušš, uus torustik, ..."
400 €  10 €/m²,10 €/m²,"Turu 13, Kesklinn, Tartu linn, Tartu",40 m²,2,"Korrus 1/5, Korteriomand, kivimaja, ehitusaasta 1965, renoveeritud, elektripliit, dušš, ..."
310 €  10 €/m²,10 €/m²,"Jaama 179, Annelinn, Tartu linn, Tartu",31 m²,1,"Korrus 2/9, renoveeritud, induktsioonpliit, vann, wc ja vannituba eraldi, keskküte, rõdu ..."
350 €  11.7 €/m²,11.7 €/m²,"Jaama, Ülejõe, Tartu linn, Tartu",30 m²,1,"Korrus 2/2, kivimaja, ehitusaasta 1929, keskmises seisukorras"
500 €  15.4 €/m²,15.4 €/m²,"Filosoofi 1-36, Kesklinna piiril, Vaksali, Tartu linn, Tartu",32.4 m²,1,"Korrus 3/3, Korteriomand, ehitusaasta 2026, uus"
480 €  11.9 €/m²,11.9 €/m²,"Turu 13-2, Kesklinn, Tartu linn, Tartu",40.5 m²,2,"Korrus 1/5, ehitusaasta 1964, heas korras, gaasipliit, dušš, uus torustik, keskküte, ..."
800 €  10.9 €/m²,10.9 €/m²,"Kvartsi tn, Ränilinn, Tartu linn, Tartu",73.4 m²,3,"Korrus 4/4, Korteriomand, kivimaja, ehitusaasta 2023, uus, induktsioonpliit, köök ..."
525 €  12.6 €/m²,12.6 €/m²,"Purde 37, Karlova, Tartu linn, Tartu",41.8 m²,2,"Korrus 4/5, Korteriomand, kivimaja, ehitusaasta 1981, uus, elektripliit, dušš, uus ..."
1 000 €  10.8 €/m²,10.8 €/m²,"Rüütli tn 22, Kesklinn, Tartu",92.3 m²,3,"Korrus 2/4, heas korras, induktsioonpliit, vann, dušš, kaugküte, põrandaküte, keskküte, ..."
575 €  8.53 €/m²,8.53 €/m²,"Munga tn 3, Kesklinn, Tartu linn, Tartu",67.4 m²,2,"Korrus 3/4, kivimaja, ehitusaasta 1977, heas korras, elektripliit, dušš, vann, keskküte, ..."
330 €  12.2 €/m²,12.2 €/m²,"Uus 69, Annelinn, Tartu linn, Tartu",27 m²,1,"Korrus 5/5, Korteriomand, kivimaja, ehitusaasta 1969, renoveeritud, elektripliit, köök ..."
370 €  12.3 €/m²,12.3 €/m²,"Kivi tn 25, Ülejõe, Tartu linn, Tartu",30 m²,1,"Korrus 4/5, ehitusaasta 2005, heas korras, elektripliit, keskküte, rõdu 6 m², ..."
400 €  9.48 €/m²,9.48 €/m²,"Jaama tn 77, Ülejõe, Tartu linn, Tartu",42.2 m²,2,"Korrus 1/5, Korteriomand, kivimaja, ehitusaasta 1967, renoveeritud, gaasipliit, wc ja ..."
960 €  13.5 €/m²,13.5 €/m²,"Lehe tn, Jaamamõisa, Tartu linn, Tartu",66 m²,3,"Korrus 1/2, kivimaja, ehitusaasta 2022, uus, induktsioonpliit, dušš, wc ja vannituba ..."
695 €  15.5 €/m²,15.5 €/m²,"Fortuuna tn 5, Kesklinn, Tartu linn, Tartu",44.9 m²,2,"Korrus 2/5, Korteriomand, kivimaja, ehitusaasta 2016, uus, induktsioonpliit, dušš, ..."
800 €  19.7 €/m²,19.7 €/m²,"Fortuuna 21, Kesklinn, Tartu linn, Tartu",40.7 m²,2,"Korrus 4/4, Korteriomand, ehitusaasta 2023, uus, keraamiline pliit, dušš, kaugküte, ..."
265 €  13.3 €/m²,13.3 €/m²,"Jaama 34, Ülejõe, Tartu linn, Tartu",20 m²,1,"Korrus 3/3, Kinnistu, heas korras, keraamiline pliit, köök 25 m², saun, dušš, vann, ..."
225 €  15 €/m²,15 €/m²,"Peetri 16B, Ülejõe, Tartu linn, Tartu",15 m²,1,"Korrus 4/5, renoveeritud, parkimine tasuta, parkett, pakettaknad, mööbel, toad eraldi, ..."
650 €  14.5 €/m²,14.5 €/m²,"Staadioni 65a, Ülejõe, Ülejõe, Tartu",44.7 m²,2,"Korrus 2/2, Korteriomand, kivimaja, ehitusaasta 2021, valmis, elektripliit, dušš, uus ..."
340 €  11.7 €/m²,11.7 €/m²,"Turu tn 13, Kesklinn, Tartu linn, Tartu",29 m²,1,"Korrus 2/5, Korteriomand, kivimaja, ehitusaasta 1964, heas korras, gaasipliit, uus ..."
400 €  24.4 €/m²,24.4 €/m²,"Kastani 105, Kesklinn, Tartu linn, Tartu",16.4 m²,1,"Korrus 2/4, kivimaja, ehitusaasta 2026, uus"
490 €  14.4 €/m²,14.4 €/m²,"Ujula 66, Ujula, Ülejõe, Tartu linn, Tartu",34 m²,2,"Korrus 1/2, Kinnistu, palkmaja, ehitusaasta 1947, heas korras, keraamiline pliit, uus ..."
450 €  9.04 €/m²,9.04 €/m²,"Teemandi tn 9, Ränilinn, Tartu linn, Tartu",49.8 m²,2,"Korrus 4/5, Korteriomand, paneelmaja, ehitusaasta 1985, renoveeritud, elektripliit, ..."
400 €  8.81 €/m²,8.81 €/m²,"Lääne tn 4, Jaamamõisa, Tartu linn, Tartu",45.4 m²,2,"Korrus 1/5, Korteriomand, paneelmaja, ehitusaasta 1977, keskmises seisukorras, dušš, ..."
490 €  7.42 €/m²,7.42 €/m²,"Vasara tn 29, Ropka tööstusrajoon, Tartu linn, Tartu",66 m²,3,"Korrus 3/5, paneelmaja, ehitusaasta 1977, heas korras, rõdu 5 m², toad eraldi"
850 €  7.26 €/m²,7.26 €/m²,"J. Hurda tn 15, Tähtvere küla, Tartu",117.1 m²,3,"Korrus 2/2, Korteriomand, palkmaja, ehitusaasta 1977, heas korras, elektripliit, dušš, ..."
780 €  15.9 €/m²,15.9 €/m²,"Lootuse tn 2a, Karlova, Tartu linn, Tartu",49 m²,2,"Korrus 2/5, Korteriomand, kivimaja, ehitusaasta 2022, heas korras, parkimine tasuta, ..."
450 €  9.68 €/m²,9.68 €/m²,"Tamme puiestee, Tammelinn, Tartu linn, Tartu",46.5 m²,1,"Korrus 2/2, ehitusaasta 77, heas korras, pakettaknad, mööbel, katusekorter"
750 €  16.6 €/m²,16.6 €/m²,"Lehe tn, Jaamamõisa, Tartu linn, Tartu",45.2 m²,2,"Korrus 1/2, Korteriomand, kivimaja, ehitusaasta 2022, uus, induktsioonpliit, dušš, uus ..."
650 €  12.8 €/m²,12.8 €/m²,"J. Kuperjanovi tn 5b, Kesklinn, Tartu linn, Tartu",50.8 m²,2,"Korrus 2/3, Korteriomand, kivimaja, ehitusaasta 2017, heas korras, elektripliit, dušš, ..."
750 €  12 €/m²,12 €/m²,"Ranna tee 1d, Ülejõe, Tartu linn, Tartu",62.6 m²,3,"Korrus 1/3, Korteriomand, ehitusaasta 2007, heas korras, keraamiline pliit, dušš, ..."
645 €  10.4 €/m²,10.4 €/m²,"Koidu 10, Kesklinn, Tartu linn, Tartu",62.2 m²,3,"Korrus 2/3, Korteriomand, kivimaja, ehitusaasta 1960, renoveeritud, elektripliit, dušš, ..."
400 €  10.2 €/m²,10.2 €/m²,"Pärna tn 6, Kesklinn, Tartu",39.3 m²,2,"Korrus 3/5, Korteriomand, kivimaja, ehitusaasta 1966, keskmises seisukorras, wc ja ..."
600 €  11.1 €/m²,11.1 €/m²,"Raatuse tn 82, Ülejõe, Tartu linn, Tartu",54.1 m²,2,"Korrus 1/5, kivimaja, ehitusaasta 2007, heas korras, keraamiline pliit, vann, ..."
490 €  11.2 €/m²,11.2 €/m²,"Kesk tn 48, Karlova, Tartu linn, Tartu",43.9 m²,2,"Korrus 1/2, Korteriomand, puitmaja, ehitusaasta 1930, heas korras, elektripliit, dušš, ..."
300 €  8.88 €/m²,8.88 €/m²,"Kaunase pst 10a, Annelinn, Tartu linn, Tartu",33.8 m²,1,"Korrus 5/5, Korteriomand, paneelmaja, ehitusaasta 1978, heas korras, induktsioonpliit, ..."
295 €  22.7 €/m²,22.7 €/m²,"Papli tn 2-1, Tõrvandi, Ränilinn, Tartu linn, Tartu",13 m²,1,"Kivimaja, ehitusaasta 2026, uus, elektripliit, dušš, uus torustik, keskküte, avatud ..."
350 €  11.7 €/m²,11.7 €/m²,"Ravila 44, Veeriku, Tartu linn, Tartu",30 m²,1,"Korrus 1/5, ehitusaasta 1984, heas korras, elektripliit, dušš, keskküte, avatud köök, ..."
1 300 €  14.3 €/m²,14.3 €/m²,"A. Haava 22, Vaksali, Tartu linn, Tartu",90.7 m²,4,"Korrus 2/3, Korteriomand, kivimaja, ehitusaasta 2013, heas korras, vann, keskküte, rõdu ..."
595 €  12.8 €/m²,12.8 €/m²,"Pärna tn 10, Ülejõe, Tartu linn, Tartu",46.6 m²,3,"Korrus 4/5, Korteriomand, paneelmaja, ehitusaasta 1967, renoveeritud, gaasipliit, dušš, ..."
699 €  13.2 €/m²,13.2 €/m²,"Vallikraavi 10-19, Kesklinn, Tartu linn, Tartu",53 m²,1,"Korrus 1/3, ehitusaasta 2023, uus"
500 €  9.62 €/m²,9.62 €/m²,"Kaare tee, Ihaste, Tartu linn, Tartu",52 m²,2,"Korrus 1/1, Kinnistu, kivimaja, ehitusaasta 2022, uus, keraamiline pliit, dušš, uus ..."
890 €  11.7 €/m²,11.7 €/m²,"Siili tn 12, Karlova, Tartu linn, Tartu",76.4 m²,3,"Korrus 3/8, Korteriomand, kivimaja, ehitusaasta 2026, uus, induktsioonpliit, dušš, uus ..."
430 €  10.8 €/m²,10.8 €/m²,"Ilmatsalu tn 18, Veeriku, Tartu",40 m²,2,"Korrus 1/3, Korteriomand, kivimaja, ehitusaasta 1977, uus"
500 €  10 €/m²,10 €/m²,"Mõisavahe 24, Annelinn, Tartu linn, Tartu",49.9 m²,2,"Korrus 5/5, Korteriomand, paneelmaja, ehitusaasta 1983, renoveeritud, keraamiline pliit, ..."
380 €  10.4 €/m²,10.4 €/m²,"Kastani 31, Kesklinn, Tartu linn, Tartu",36.6 m²,1,"Korrus 2/3, Korteriomand, puitmaja, ehitusaasta 1902, heas korras, elektripliit, dušš, ..."
490 €  14.4 €/m²,14.4 €/m²,"Herne 25, Supilinn, Tartu linn, Tartu",34.1 m²,2,"Korrus 1/2, puitmaja, heas korras, elektripliit, dušš, gaasiküte, avatud köök, külmik, ..."
500 €  13.2 €/m²,13.2 €/m²,"Selleri 8-3, Supilinn, Tartu linn, Tartu",38 m²,2,"Korrus 2/2, Korteriomand, puitmaja, ehitusaasta 2020, heas korras, induktsioonpliit, ..."
850 €  8.10 €/m²,8.10 €/m²,"Kastani tn 6-2, Kesklinn, Tartu linn, Tartu",105 m²,4,"Kivimaja, ehitusaasta 1977, heas korras, elektripliit, boiler, dušš, gaasiküte, rõdu ..."
499 €  10.4 €/m²,10.4 €/m²,"Puiestee 77, Ülejõe, Tartu linn, Tartu",48.2 m²,2,"Korrus 1/4, Korteriomand, kivimaja, ehitusaasta 1954, heas korras, elektripliit, boiler, ..."
420 €  13.8 €/m²,13.8 €/m²,"Rüütli 11, Kesklinn, Tartu linn, Tartu",30.5 m²,2,"Korrus 3/4, Kinnistu, kivimaja, ehitusaasta 1850, uus, keraamiline pliit, uus torustik, ..."
430 €  9.43 €/m²,9.43 €/m²,"Marta 2, Karlova, Tartu linn, Tartu",45.6 m²,2,"Korrus 2/1, puitmaja, ehitusaasta 1913, valmis, induktsioonpliit, dušš, õhksoojuspump, ..."
750 €  11.2 €/m²,11.2 €/m²,"Nõlvaku tn 13-1, Annelinn, Tartu linn, Tartu",67 m²,4,"Korrus 1/4, renoveeritud, induktsioonpliit, uus torustik, boiler, dušš, wc ja vannituba ..."
380 €  22.5 €/m²,22.5 €/m²,"Tiigi 6, Kesklinn, Tartu linn, Tartu",16.9 m²,1,"Korrus 4/5, Korteriomand, ehitusaasta 1977, heas korras, boiler, dušš, kaugküte, avatud ..."
400 €  17.8 €/m²,17.8 €/m²,"Mõisavahe tn 21-A4, Annelinn, Tartu linn, Tartu",22.5 m²,1,"Korrus 2/2, heas korras, dušš, pakettaknad, mööbel, TV, pesumasin, parkett, parkimine ..."
800 €  14.5 €/m²,14.5 €/m²,"Võru 65a, Vaksali, Tartu linn, Tartu",55.3 m²,3,"Korrus 1/3, Korteriomand, uus, keraamiline pliit, dušš, uus torustik, kaugküte, avatud ..."
420 €  8.66 €/m²,8.66 €/m²,"Uus tn 67, Ülejõe, Tartu",48.5 m²,2,"Korrus 4/5, Korteriomand, paneelmaja, ehitusaasta 1970, keskmises seisukorras"
699 €  11.1 €/m²,11.1 €/m²,"Jaama tn 52, Ülejõe, Tartu linn, Tartu",63.2 m²,2,"Korrus 1/3, Korteriomand, ehitusaasta 2024, uus, induktsioonpliit, dušš, uus torustik, ..."
310 €  15.3 €/m²,15.3 €/m²,"Vanemuise tn 65, Vaksali, Tartu linn, Tartu",20.3 m²,1,"Korrus 2/3, kivimaja, renoveeritud, dušš, keskküte, avatud köök, külmik, köögimööbel, ..."
599 €  14.8 €/m²,14.8 €/m²,"J. Kuperjanovi 8, Vaksali, Kesklinn, Tartu linn, Tartu",40.5 m²,2,"Korrus 2/4, Korteriomand, paneelmaja, ehitusaasta 2021, heas korras, lift, panipaik"
890 €  13.5 €/m²,13.5 €/m²,"Lossi tn 21, Kesklinn, Tartu linn, Tartu",66.1 m²,3,"Korrus 2/3, Korteriomand, ehitusaasta 1875, heas korras, keraamiline pliit, saun, dušš, ..."
750 €  6.67 €/m²,6.67 €/m²,"Lossi tn 21, Kesklinn, Tartu linn, Tartu",112.4 m²,2,"Korrus 2/3, Korteriomand, ehitusaasta 1875, uus, mööbli võimalus, kõrged laed"
530 €  14.1 €/m²,14.1 €/m²,"Kivi tn 77, Ülejõe, Tartu linn, Tartu",37.6 m²,2,"1. korrus, puitmaja, renoveeritud, keraamiline pliit, uus torustik, dušš, boiler, ..."
395 €  23.2 €/m²,23.2 €/m²,"Ülikooli tn 1, Kesklinn, Tartu linn, Tartu",17 m²,1,"Korrus 4/5, ehitusaasta 1932, uus, induktsioonpliit, dušš, keskküte, põrandaküte, avatud ..."
70 €  1.79 €/m²,1.79 €/m²,"Riia tn 20a, Kesklinn, Tartu linn, Tartu",39 m²,2,"Korrus 7/8, Korteriomand, paneelmaja, ehitusaasta 2022, uus, elektripliit, uus torustik, ..."
450 €  8.88 €/m²,8.88 €/m²,"Kooli tn 13, Vaksali, Tartu linn, Tartu",50.7 m²,2,"Korrus 2/3, Korteriomand, kivimaja, renoveeritud, elektripliit, dušš, keskküte, külmik, ..."
520 €  22.6 €/m²,22.6 €/m²,"Ujula 2-15, Ülejõe, Kesklinn, Tartu linn, Tartu",23 m²,1,"Korrus 2/2, ehitusaasta 2026, uus"
590 €  8.91 €/m²,8.91 €/m²,"Kaunase pst 11, Annelinn, Tartu linn, Tartu",66.2 m²,3,"Korrus 2/5, Korteriomand, kivimaja, ehitusaasta 1978, renoveeritud, gaasipliit, uus ..."
240 €  20 €/m²,20 €/m²,"Uus tn 61, Ees-Annelinna, Annelinn, Tartu linn, Tartu",12 m²,1,"Korrus 5/5, Korteriomand, kivimaja, ehitusaasta 1995, heas korras, keraamiline pliit, ..."
700 €  10.8 €/m²,10.8 €/m²,"Pikk 100, Ülejõe, Tartu linn, Tartu",65 m²,3,"Heas korras, dušš, uus torustik, wc ja vannituba eraldi, keskküte, külmik, toad eraldi, ..."
290 €  24.2 €/m²,24.2 €/m²,"Kaunase pst 43, Annelinn, Tartu linn, Tartu",12 m²,1,"Korteriomand, paneelmaja, renoveeritud, gaasipliit, wc ja vannituba eraldi, uus ..."
480 €  11.5 €/m²,11.5 €/m²,"Rüütli, Kesklinn, Tartu linn, Tartu",41.8 m²,2,"Korrus 3/3, Korteriomand, kivimaja, renoveeritud, parkimine tasuta, pakettaknad, mööbel, ..."
300 €  14.3 €/m²,14.3 €/m²,"Muru tn 18-18, Üle jõe, Raadi-Kruusamäe, Tartu linn, Tartu",21 m²,1,"Korrus 2/2, Korteriomand, kivimaja, ehitusaasta 1976, heas korras, keraamiline pliit, ..."
475 €  7.35 €/m²,7.35 €/m²,"Liiva tn 17, Ülejõe, Tartu linn, Tartu",64.6 m²,3,"Korrus 2/4, Korteriomand, kivimaja, ehitusaasta 1935, valmis, induktsioonpliit, dušš, wc ..."
430 €  14.3 €/m²,14.3 €/m²,"Ülikooli 1, Kesklinn, Tartu linn, Tartu",30 m²,1,"Korrus 3/5, Korteriomand, kivimaja, renoveeritud, induktsioonpliit, uus torustik, dušš, ..."
600 €  12.5 €/m²,12.5 €/m²,"Raatuse tn 68, Ülejõe, Tartu linn, Tartu",48.1 m²,2,"Korrus 2/5, paneelmaja, ehitusaasta 2015, elektripliit, dušš, keskküte, külmik, ..."
450 €  15 €/m²,15 €/m²,"Raatuse, Kesklinn, Tartu linn, Tartu",30 m²,1,"Korrus 2/3, Korteriomand, kivimaja, heas korras, elektripliit, dušš, uus torustik, ..."
350 €  23.3 €/m²,23.3 €/m²,"Narva mnt 149, Ülejõe, Tartu linn, Tartu",15 m²,1,"Korrus 1/3, kivimaja, ehitusaasta 1958, renoveeritud, elektripliit, uus torustik, dušš, ..."
450 €  11.7 €/m²,11.7 €/m²,"Pepleri 12, Kesklinn, Tartu linn, Tartu",38.5 m²,2,"Korrus 4/4, kivimaja, ehitusaasta 1963, renoveeritud, keskküte, köök, avatud köök, ..."
290 €  25.4 €/m²,25.4 €/m²,"Vasara 25, Ropka, Tartu linn, Tartu",11.4 m²,1,"Korrus 3/5, Korteriomand, paneelmaja, renoveeritud, keraamiline pliit, dušš, boiler, ..."
650 €  12.2 €/m²,12.2 €/m²,"Aeru tn, Ülejõe, Kvissentali, Tartu linn, Tartu",53.2 m²,3,"Korrus 2/2, Korteriomand, kivimaja, ehitusaasta 2019, uus, keraamiline pliit, dušš, ..."
460 €  30.5 €/m²,30.5 €/m²,"Pikk tn 40, Ülejõe, Tartu linn, Tartu",15.1 m²,1,"Korrus 4/4, kivimaja, ehitusaasta 2023, uus, induktsioonpliit, dušš, uus torustik, ..."
790 €  14.7 €/m²,14.7 €/m²,"Gildi tn 9-3, Kesklinn, Tartu linn, Tartu",53.6 m²,2,"Korrus 1/2, heas korras, dušš, saun, keskküte, külmik, Internet, mööbel, eraldi ..."
640 €  10 €/m²,10 €/m²,"Kesk tn 19, Karlova, Tartu",64 m²,3,"Korrus 2/3, Korteriomand, palkmaja, ehitusaasta 2010, uus"
390 €  13.4 €/m²,13.4 €/m²,"Kastani tn 38, Kesklinn, Tartu linn, Tartu",31.3 m²,2,"Korrus 2/3, ehitusaasta 1910, heas korras, elektripliit, dušš, uus torustik, keskküte, ..."
1 000 €  8.85 €/m²,8.85 €/m²,"Aleksandri tn 18-1, Kesklinn, Tartu linn, Tartu",113 m²,3,"Korteriomand, puitmaja, ehitusaasta 1977, heas korras, induktsioonpliit, dušš, vann, ..."
599 €  10.1 €/m²,10.1 €/m²,"Pikk tn 78, Ülejõe, Tartu linn, Tartu",59.3 m²,3,"Korrus 4/5, Korteriomand, kivimaja, ehitusaasta 1980, renoveeritud, elektripliit, köök ..."
890 €  20.4 €/m²,20.4 €/m²,"Vallikraavi tn 5, Kesklinn, Tartu linn, Tartu",43.7 m²,2,"Korteriomand, kivimaja, ehitusaasta 2022, uus, induktsioonpliit, dušš, uus torustik, ..."
560 €  11.7 €/m²,11.7 €/m²,"Pepleri tn 4a, Kesklinn, Tartu linn, Tartu",48 m²,2,"Korrus 1/3, Korteriomand, kivimaja, renoveeritud, keraamiline pliit, vann, boiler, ..."
650 €  15.2 €/m²,15.2 €/m²,"Siili 10, Karlova, Tartu linn, Tartu",42.7 m²,2,"Korrus 7/8, ehitusaasta 2025, uus, induktsioonpliit, dušš, uus torustik, põrandaküte, ..."
600 €  17.6 €/m²,17.6 €/m²,"Ujula tn 81, Ülejõe, Tartu linn, Tartu",35.5 m²,2,"Korrus 3/3, Korteriomand, kivimaja, ehitusaasta 2022, uus, induktsioonpliit, uus ..."
650 €  6.50 €/m²,6.50 €/m²,"Jakobi tn 36, Kesklinn, Tartu linn, Tartu",100 m²,3,"2. korrus, keskmises seisukorras, induktsioonpliit, dušš, keskküte, avatud köök, külmik, ..."
900 €  11.7 €/m²,11.7 €/m²,"Väike-Turu tn, Kesklinn, Tartu linn, Tartu",76.7 m²,3,"Korrus 7/23, Korteriomand, kivimaja, ehitusaasta 2008, heas korras, keraamiline pliit, ..."
599 €  15.1 €/m²,15.1 €/m²,"Rebase tn 17, Karlova, Tartu linn, Tartu",39.6 m²,2,"Korrus 4/6, Korteriomand, kivimaja, uus, induktsioonpliit, dušš, põrandaküte, keskküte, ..."
225 €  15 €/m²,15 €/m²,"Raekoja plats 10, Kesklinn, Tartu linn, Tartu",15 m²,1,"Korrus 4/4, Korteriomand, kivimaja, ehitusaasta 2004, renoveeritud, elektripliit, vann, ..."
350 €  23.3 €/m²,23.3 €/m²,"Narva mnt 149, Ülejõe, Tartu linn, Tartu",15 m²,1,"Korrus 1/3, kivimaja, ehitusaasta 1958, renoveeritud, elektripliit, uus torustik, dušš, ..."
300 €  8.57 €/m²,8.57 €/m²,"Lootuse tn 20, Karlova, Tartu linn, Tartu",35 m²,3,"Korrus 1/2, Korteriomand, puitmaja, ehitusaasta 1977, keskmises seisukorras, ..."
420 €  9.61 €/m²,9.61 €/m²,"Pärna tn 10, Ülejõe, Tartu linn, Tartu",43.7 m²,2,"Korrus 5/5, Korteriomand, ehitusaasta 1967, heas korras, gaasipliit, vann, wc ja ..."
85 €  2.07 €/m²,2.07 €/m²,"Riia tn 22, Kesklinn, Tartu linn, Tartu",41 m²,2,"Korrus 6/8, Korteriomand, kivimaja, ehitusaasta 2023, uus, elektripliit, dušš, keskküte, ..."
660 €  10.5 €/m²,10.5 €/m²,"Taara puiestee 1a, Tähtvere, Kesklinn, Tartu",62.9 m²,3,"Korrus 1/4, Korteriomand, renoveeritud, elektripliit, vann, kaugküte, rõdu , rõdu , ..."
900 €  9.65 €/m²,9.65 €/m²,"Jaama tn 71-6, Ülejõe, Tartu linn, Tartu",93.3 m²,3,"Kivimaja, ehitusaasta 2020, uus, rõdu 9 m², parkett, mööbel, kõrged laed, panipaik, ..."
385 €  13.8 €/m²,13.8 €/m²,"Puiestee tn 43, Kesklinn, Tartu",28 m²,1,"Korrus 3/4, Korteriomand, renoveeritud, elektripliit, dušš, keskküte, avatud köök, ..."
465 €  14.3 €/m²,14.3 €/m²,"Kastani tn 38, Kesklinn, Tartu linn, Tartu",32.6 m²,1,"Korrus 1/3, ehitusaasta 1910, heas korras, elektripliit, dušš, uus torustik, keskküte, ..."
380 €  12.7 €/m²,12.7 €/m²,"Salme 3, Karlova, Tartu linn, Tartu",30 m²,1,"Korrus 3/3, san. remont tehtud, ahjuküte, elektriküte"
375 €  23.9 €/m²,23.9 €/m²,"Pepleri tn 34-15, Kesklinn, Tartu linn, Tartu",15.5 m²,1,"Korrus 2/5, Korteriomand, kivimaja, ehitusaasta 2022, heas korras, elektripliit, dušš, ..."
350 €  7.61 €/m²,7.61 €/m²,"Kaunase pst. 56, Annelinn, Tartu linn, Tartu",46 m²,2,"Korrus 5/5, Korteriomand, paneelmaja, ehitusaasta 1981, keskmises seisukorras, ..."
400 €  18.1 €/m²,18.1 €/m²,"Võru tn 120-2, Karlova, Tartu linn, Tartu",22.1 m²,1,"Korrus 1/3, ehitusaasta 1977, heas korras, elektripliit, boiler, dušš, uus torustik, ..."
480 €  10.3 €/m²,10.3 €/m²,"Uus 58, Ülejõe, Tartu linn, Tartu",46.8 m²,2,"Korrus 4/5, Korteriomand, paneelmaja, ehitusaasta 1968, heas korras, gaasipliit, vann, ..."
550 €  11.7 €/m²,11.7 €/m²,"Anne tn 2, Ülejõe, Tartu",47 m²,3,"Korrus 1/5, keskmises seisukorras, dušš, kaugküte, rõdu , köök, külmik, tsentraalne ..."
650 €  10 €/m²,10 €/m²,"Aleksandri 8a, Kesklinn, Tartu linn, Tartu",65 m²,3,"Korrus 3/3, heas korras, dušš, keskküte, külmik, toad eraldi, eraldi sissepääs, ..."
490 €  15.7 €/m²,15.7 €/m²,"Lai 29, Kesklinn, Tartu linn, Tartu",31.2 m²,2,"Korrus 4/4, ehitusaasta 2021, uus, keraamiline pliit, uus torustik, dušš, keskküte, ..."
600 €  15.5 €/m²,15.5 €/m²,"Pargi tn 10, Karlova, Tartu linn, Tartu",38.6 m²,2,"Korrus 1/4, Korteriomand, kivimaja, ehitusaasta 2020, uus, induktsioonpliit, uus ..."
550 €  8.79 €/m²,8.79 €/m²,"Kaunase pst 9, Annelinn, Tartu linn, Tartu",62.6 m²,3,"Korrus 4/5, Korteriomand, paneelmaja, ehitusaasta 1977, renoveeritud, gaasipliit, vann, ..."
550 €  36.4 €/m²,36.4 €/m²,"Lai tn 17-4, Vanalinn, Tartu linn, Tartu",15.1 m²,1,"Korrus 2/2, ehitusaasta 2022, uus, elektripliit, dušš, keskküte, põrandaküte, külmik, ..."
445 €  7.39 €/m²,7.39 €/m²,"Väike kaar 41a, Maarjamõisa, Tartu linn, Tartu",60.2 m²,3,"Korrus 1/3, valmis, gaasipliit, elektriküte, avatud köök, kamin"
370 €  19.5 €/m²,19.5 €/m²,"Filosoofi tn, Vaksali linnaosa piiril, Kesklinn, Tartu linn, Tartu",19 m²,1,"Korrus 3/3, kivimaja, heas korras, kõrged laed"
460 €  16.4 €/m²,16.4 €/m²,"Lääne, Annelinn, Tartu linn, Tartu",28 m²,2,"Korrus 2/4, Korteriomand, kivimaja, uus, elektripliit, dušš, uus torustik, keskküte, ..."
450 €  11.3 €/m²,11.3 €/m²,"Ilmatsalu tn 12, Veeriku, Tartu linn, Tartu",40 m²,2,"Korrus 1/3, Korteriomand, kivimaja, heas korras, elektripliit, boiler, dušš, uus ..."
525 €  11.2 €/m²,11.2 €/m²,"Kroonuaia tn 11, Kesklinn, Tartu",46.7 m²,2,"Korrus 2/2, Korteriomand, palkmaja, ehitusaasta 1890, renoveeritud, keraamiline pliit, ..."
660 €  13.1 €/m²,13.1 €/m²,"Kaupmehe, Raadi-Kruusamäe, Tartu linn, Tartu",50.4 m²,2,"Korrus 3/4, Korteriomand, kivimaja, ehitusaasta 2016, uus, induktsioonpliit, dušš, ..."
430 €  8.85 €/m²,8.85 €/m²,"Mõisavahe 16, Annelinn, Tartu linn, Tartu",48.6 m²,2,"Korrus 2/5, Korteriomand, paneelmaja, ehitusaasta 1982, renoveeritud, keraamiline pliit, ..."
460 €  11 €/m²,11 €/m²,"Riia tn 9-70, Kesklinn, Tartu linn, Tartu",50.8 m²,2,"Korrus 1/5, Korteriomand, paneelmaja, ehitusaasta 1977, renoveeritud, gaasipliit, dušš, ..."
335 €  19.8 €/m²,19.8 €/m²,"Kastani tn 38, Kesklinn, Tartu linn, Tartu",17.7 m²,1,"Korrus 2/3, ehitusaasta 1910, heas korras, dušš, keskküte, avatud köök, külmik, ..."
89 €  1.11 €/m²,1.11 €/m²,"Riia tn 22, Kesklinn, Tartu linn, Tartu",80 m²,3,"Korrus 6/8, Korteriomand, paneelmaja, ehitusaasta 2023, uus, induktsioonpliit, uus ..."
480 €  13.6 €/m²,13.6 €/m²,"Ilmatsalu tn 26a, Veeriku, Veeriku, Tartu linn, Tartu",35.2 m²,2,"Korrus 3/5, Korteriomand, kivimaja, ehitusaasta 2006, heas korras, dušš, pakettaknad, ..."
240 €  6.28 €/m²,6.28 €/m²,"Riia 53, Tammelinn, Tartu linn, Tartu",38.2 m²,2,"Korrus 3/3, palkmaja, renoveeritud, elektripliit, dušš, gaasiküte, külmik, parkla, ..."
490 €  13.4 €/m²,13.4 €/m²,"Kivi 57, Ülejõe, Tartu linn, Tartu",36.5 m²,2,"Korrus 1/3, Korteriomand, kivimaja, ehitusaasta 2015, heas korras, dušš, keskküte, ..."
570 €  13 €/m²,13 €/m²,"Kvartsi tn 11, Ränilinn, Tartu linn, Tartu",43.9 m²,2,"Korrus 2/4, Korteriomand, kivimaja, ehitusaasta 2020, heas korras, keraamiline pliit, ..."
475 €  19.8 €/m²,19.8 €/m²,"Vallikraavi 14, Vanalinn, Kesklinn, Tartu linn, Tartu",24 m²,1,"Korrus 3/3, Korteriomand, kivimaja, ehitusaasta 2022, uus, elektripliit, dušš, keskküte, ..."
550 €  12 €/m²,12 €/m²,"Kastani tn 90, Vaksali, Tartu linn, Tartu",45.9 m²,2,"Korrus 2/3, ehitusaasta 1977, uus, elektripliit, dušš, uus torustik, keskküte, avatud ..."
295 €  22.7 €/m²,22.7 €/m²,"Papli tn 2-1, Tõrvandi, Ränilinn, Tartu linn, Tartu",13 m²,1,"Kivimaja, ehitusaasta 2026, uus, elektripliit, dušš, uus torustik, keskküte, avatud ..."
400 €  8.40 €/m²,8.40 €/m²,"Rahu tn, Ropka, Tartu linn, Tartu",47.6 m²,2,"Korrus 2/5, Korteriomand, ehitusaasta 1984, heas korras, elektripliit, dušš, uus ..."
490 €  7.78 €/m²,7.78 €/m²,"Vaarika tn 1, Tammelinn, Tartu linn, Tartu",66.8 m²,3,"Korrus 1/3, kivimaja, ehitusaasta 1990, heas korras, dušš, wc ja vannituba eraldi, ..."
649 €  9.39 €/m²,9.39 €/m²,"Soinaste 8b, Tammelinn, Tartu linn, Tartu",69.1 m²,3,"Korrus 1/2, kivimaja, heas korras, elektripliit, saun, boiler, uus torustik, rõdu , ..."
450 €  10.5 €/m²,10.5 €/m²,"Kooli 19-4, Kesklinn, Tartu linn, Tartu",42.9 m²,1,"Korrus 2/2, Korteriomand, palkmaja, ehitusaasta 1920, renoveeritud, induktsioonpliit, ..."
450 €  8.64 €/m²,8.64 €/m²,"Võru tn 44, Karlova, Tartu linn, Tartu",52.1 m²,2,"Korrus 2/3, ehitusaasta 1904, heas korras, induktsioonpliit, dušš, boiler, avatud köök, ..."
475 €  21.5 €/m²,21.5 €/m²,"Filosoofi tn 1-30, Vaksali, Tartu linn, Tartu",22.1 m²,1,"Korrus 3/3, kivimaja, ehitusaasta 2026, uus, lift, parkett, pakettaknad, mööbel, TV"
420 €  10.9 €/m²,10.9 €/m²,"Aleksandri tn 1, Kesklinn, Tartu linn, Tartu",38.5 m²,2,"Korteriomand, kivimaja, ehitusaasta 1962, heas korras, dušš, keskküte, avatud köök, ..."
700 €  18 €/m²,18 €/m²,"Riia tn 20a, Kesklinn, Tartu linn, Tartu",39 m²,2,"Korrus 6/8, Korteriomand, paneelmaja, uus, elektripliit, dušš, uus torustik, keskküte, ..."
520 €  16.8 €/m²,16.8 €/m²,"Nelgi tn 13, Maarjamõisa, Tartu linn, Tartu",31 m²,1,"Korrus 1/2, kivimaja, uus, elektripliit, dušš, keskküte, rõdu 7 m², avatud köök, ..."
350 €  14 €/m²,14 €/m²,"Jaama 34, Kesklinn, Tartu linn, Tartu",25 m²,1,"Korrus 1/1, heas korras, keraamiline pliit, dušš, uus torustik, keskküte, põrandaküte, ..."
495 €  23.6 €/m²,23.6 €/m²,"Ujula tn 2, Kesklinn, Ülejõe, Tartu linn, Tartu",21 m²,1,"Ehitusaasta 2026, uus"
1 100 €  19.4 €/m²,19.4 €/m²,"Savi 6a, Tammelinn, Tartu linn, Tartu",56.6 m²,3,"Korrus 3/3, ehitusaasta 2026, uus, põrandaküte, Internet, kaabelTV, lift, mööbli ..."
520 €  19.6 €/m²,19.6 €/m²,"Filosoofi tn 1-12, Kesklinna piiril, Vaksali, Tartu linn, Tartu",26.6 m²,1,"Korrus 1/3, ehitusaasta 2026, uus, parkett, pakettaknad, mööbel, TV"
450 €  9.55 €/m²,9.55 €/m²,"Lubja 9, Ülejõe, Tartu linn, Tartu",47.1 m²,2,"Korrus 4/5, Korteriomand, kivimaja, ehitusaasta 1977, renoveeritud, gaasipliit, dušš, ..."
100 €  8.33 €/m²,8.33 €/m²,"Võru tn 132a, Karlova, Tartu linn, Tartu",12 m²,1,"Elamuühistu, vajab renoveerimist, elektriküte, avatud köök, teed heas seisukorras"
1 200 €  17.1 €/m²,17.1 €/m²,"Tiigi tn 61a-15, Kesklinn, Tartu linn, Tartu",70.2 m²,3,"Korrus 1/3, ehitusaasta 2023, heas korras, induktsioonpliit, dušš, saun, keskküte, ..."
420 €  15.6 €/m²,15.6 €/m²,"F. R. Kreutzwaldi, Tähtvere, Tartu linn, Tartu",27 m²,2,"Korrus 2/2, Korteriomand, renoveeritud, elektripliit, uus torustik, boiler, dušš, wc ja ..."
400 €  16.7 €/m²,16.7 €/m²,"Mõisavahe, Annelinn, Tartu linn, Tartu",24 m²,1,"Korrus 2/2, heas korras, dušš, keskküte, külmik, Internet, kaabelTV, pesumasin, TV, ..."
850 €  11 €/m²,11 €/m²,"Näituse 27, Tähtvere, Tartu",77.5 m²,3,"Korrus 3/3, ehitusaasta 2017, keskmises seisukorras, elektripliit, dušš, saun, uus ..."
200 €  11.8 €/m²,11.8 €/m²,"Peetri tn 28-24, Raadi-Kruusamäe, Tartu linn, Tartu",17 m²,1,"Korrus 2/2, ehitusaasta 1970, renoveeritud, dušš, wc ja vannituba eraldi, keskküte, ..."
670 €  11.9 €/m²,11.9 €/m²,"Kastani tn 90, Vaksali, Tartu linn, Tartu",56.2 m²,2,"Korrus 3/3, ehitusaasta 1977, uus, elektripliit, saun, dušš, uus torustik, keskküte, ..."
620 €  12.2 €/m²,12.2 €/m²,"Riia 9, Kesklinn, Tartu",51 m²,2,"Korrus 4/4, heas korras, induktsioonpliit, uus torustik, dušš, kaugküte, keskküte, köök, ..."
320 €  11.4 €/m²,11.4 €/m²,"Kuu 53, Karlova, Tartu linn, Tartu",28 m²,1,"Korrus 1/2, Kinnistu, puitmaja, heas korras, gaasipliit, uus torustik, boiler, dušš, wc ..."
550 €  17.2 €/m²,17.2 €/m²,"Lai tn 29, Tartu linn, Tartu",32 m²,2,"1. korrus, ehitusaasta 2021, heas korras, induktsioonpliit, dušš, uus torustik, ..."
355 €  22.2 €/m²,22.2 €/m²,"Filosoofi 1, Vaksali, Kesklinn, Tartu linn, Tartu",16 m²,,"Korrus 2/3, ehitusaasta 2020, heas korras"
400 €  20.7 €/m²,20.7 €/m²,"Filosoofi tn 1-213, Vaksali-Kastani, Kesklinn, Tartu linn, Tartu",19.3 m²,1,"Korrus 2/3, kivimaja, ehitusaasta 2020, uus, parkett, pakettaknad, mööbel, TV, kõrged ..."
360 €  7.76 €/m²,7.76 €/m²,"Kaunase pst 9, Annelinn, Tartu",46.4 m²,2,"Korrus 3/5, Korteriomand, paneelmaja, ehitusaasta 1977, uus"
440 €  9.28 €/m²,9.28 €/m²,"Jalaka 42, Ropka, Tartu linn, Tartu",47.4 m²,2,"Korrus 2/5, Korteriomand, paneelmaja, ehitusaasta 1995, valmis, elektripliit, uus ..."
500 €  7.61 €/m²,7.61 €/m²,"Kaunase pst 60, Annelinn, Tartu linn, Tartu",65.7 m²,3,"Korrus 5/5, Korteriomand, paneelmaja, ehitusaasta 1981, renoveeritud, induktsioonpliit, ..."
590 €  8.21 €/m²,8.21 €/m²,"W. Struve tn 8a, Kesklinn, Tartu linn, Tartu",71.9 m²,3,"Korrus 2/5, Korteriomand, kivimaja, ehitusaasta 1968, renoveeritud, elektripliit, vann, ..."
700 €  12.8 €/m²,12.8 €/m²,"Kvartsi 16, Ränilinn, Tartu linn, Tartu",54.7 m²,3,"Korrus 1/4, Korteriomand, kivimaja, ehitusaasta 2021, uus, dušš, keskküte, põrandaküte, ..."
520 €  6.75 €/m²,6.75 €/m²,"Riia tn 13, Kesklinn, Tartu linn, Tartu",77 m²,3,"Korrus 3/4, Korteriomand, kivimaja, ehitusaasta 1959, heas korras, gaasipliit, dušš, wc ..."
350 €  11.6 €/m²,11.6 €/m²,"Jaama 189, Annelinn, Tartu linn, Tartu",30.1 m²,1,"Korrus 4/9, Korteriomand, paneelmaja, heas korras, keraamiline pliit, dušš, wc ja ..."
590 €  16 €/m²,16 €/m²,"Selleri tn 8-3, Supilinn, Tartu linn, Tartu",37 m²,2,"Korrus 2/3, Korteriomand, puitmaja, ehitusaasta 2020, heas korras, parkimine tasuta, ..."
455 €  8.84 €/m²,8.84 €/m²,"J. Kuperjanovi tn 46, Vaksali, Tartu linn, Tartu",51.5 m²,2,"Korrus 2/2, Korteriomand, puitmaja, ehitusaasta 1868, keskmises seisukorras, boiler, ..."
440 €  24.4 €/m²,24.4 €/m²,"Raatuse tn 23, Kesklinn, Tartu linn, Tartu",18 m²,1,"Korrus 2/6, kivimaja, ehitusaasta 2019, uus, elektripliit, dušš, uus torustik, keskküte, ..."
430 €  6.52 €/m²,6.52 €/m²,"Filosoofi tn 8, Kesklinn, Tartu linn, Tartu",65.9 m²,3,"Korrus 1/2, puitmaja, ehitusaasta 1947, heas korras, boiler, dušš, elektriküte, ..."
410 €  2.03 €/m²,2.03 €/m²,"Filosoofi 1-202, Kesklinn, Vaksali, Tartu linn, Tartu",202 m²,,"Kivimaja, uus, parkett, pakettaknad, mööbel, TV"
500 €  11 €/m²,11 €/m²,"Uus tn 13b, Ülejõe, Tartu linn, Tartu",50.2 m²,3,"Korrus 2/5, Korteriomand, kivimaja, ehitusaasta 1965, heas korras, elektripliit, ..."
420 €  12.5 €/m²,12.5 €/m²,"Salme tn 4, Karlova, Tartu linn, Tartu",33.5 m²,2,"Korrus 2/2, ehitusaasta 1977, renoveeritud, boiler, dušš, elektriküte, pesumasin, ..."
400 €  9.83 €/m²,9.83 €/m²,"Aleksandri 5, Kesklinn, Tartu linn, Tartu",40.7 m²,2,"Korrus 1/4, kivimaja, ehitusaasta 2005, renoveeritud, induktsioonpliit, dušš, keskküte, ..."
430 €  16.5 €/m²,16.5 €/m²,"Ülikooli tn 1, Kesklinn, Tartu linn, Tartu",26 m²,1,"Korrus 3/5, ehitusaasta 1932, uus, induktsioonpliit, dušš, põrandaküte, keskküte, avatud ..."
650 €  21.4 €/m²,21.4 €/m²,"Lai tn 29, Vanalinna, Kesklinn, Tartu linn, Tartu",30.4 m²,2,"Korrus 2/4, Korteriomand, kivimaja, ehitusaasta 2021, heas korras, keraamiline pliit, ..."
420 €  8.84 €/m²,8.84 €/m²,"Lääne tn 3, Jaamamõisa, Tartu linn, Tartu",47.5 m²,2,"Korrus 2/5, Korteriomand, paneelmaja, ehitusaasta 1977, heas korras, gaasipliit, vann, ..."
1 100 €  13.6 €/m²,13.6 €/m²,"Roosi 28, Ülejõe, Tartu linn, Tartu",81 m²,2,"Korrus 3/3, Korteriomand, kivimaja, ehitusaasta 1880, heas korras, keraamiline pliit, ..."
390 €  9.85 €/m²,9.85 €/m²,"Pärna tn 6, Ülejõe, Tartu",39.6 m²,2,"Korrus 4/5, Korteriomand, paneelmaja, ehitusaasta 1966, uus"
480 €  7.86 €/m²,7.86 €/m²,"Kummeli 1, Raadi-Kruusamäe, Tartu linn, Tartu",61.1 m²,3,"Korrus 3/3, keskmises seisukorras, elektripliit, vann, wc ja vannituba eraldi, külmik, ..."
350 €  10.9 €/m²,10.9 €/m²,"Puiestee tn. 66, Ülejõe, Tartu",32.2 m²,2,"Korrus 1/3, Korteriomand, kivimaja, ehitusaasta 1945, keskmises seisukorras"
450 €  9.09 €/m²,9.09 €/m²,"Kaunase pst. 32, Annelinn, Tartu linn, Tartu",49.5 m²,2,"Korrus 4/5, Korteriomand, paneelmaja, keskmises seisukorras, gaasipliit, vann, wc ja ..."
799 €  10.8 €/m²,10.8 €/m²,"Vanemuise tn 8, Kesklinn, Tartu linn, Tartu",60 m²,2,"Korrus 1/3, Korteriomand, ehitusaasta 1951, heas korras, wc ja vannituba eraldi, dušš, ..."
390 €  8.30 €/m²,8.30 €/m²,"Aardla 7a, Ropka, Tartu",47 m²,3,"Korrus 3/5, paneelmaja, valmis, vann, wc ja vannituba eraldi, keskküte, parkimine tasuta"
380 €  8.90 €/m²,8.90 €/m²,"Anne tn 61, Annelinn, Tartu linn, Tartu",42.7 m²,2,"Korrus 2/9, Korteriomand, paneelmaja, ehitusaasta 1973, san. remont tehtud, gaasipliit, ..."
650 €  10.2 €/m²,10.2 €/m²,"Koidutähe tn 58, Ihaste, Tartu",63.8 m²,3,"Korrus 1/3, Korteriomand, ehitusaasta 2008, uus"
1 050 €  11.9 €/m²,11.9 €/m²,"Oa tn 1, Supilinn, Tartu linn, Tartu",88 m²,4,"Korrus 2/3, Korteriomand, puitmaja, ehitusaasta 1916, heas korras, induktsioonpliit, ..."
2 500 €  43.9 €/m²,43.9 €/m²,"Jakobi 38, Kesklinn, Tartu linn, Tartu",57 m²,3,"Korrus 4/4, Korteriomand, kivimaja, ehitusaasta 2018, uus, keraamiline pliit, dušš, ..."
420 €  12.5 €/m²,12.5 €/m²,"Mõisavahe 4, Annelinn, Tartu linn, Tartu",33.6 m²,1,"Korrus 2/5, Korteriomand, paneelmaja, heas korras, induktsioonpliit, vann, wc ja ..."
360 €  13.6 €/m²,13.6 €/m²,"Vanemuise tn 65, Vaksali, Tartu linn, Tartu",26.5 m²,2,"Korrus 3/3, heas korras, dušš, keskküte, Internet, planeering läbi mitme korruse, ..."
700 €  10.5 €/m²,10.5 €/m²,"Vanemuise tn 64, Vaksali, Tartu linn, Tartu",66.7 m²,3,"Korrus 1/6, Korteriomand, kivimaja, ehitusaasta 1996, heas korras, elektripliit, dušš, ..."
370 €  17.5 €/m²,17.5 €/m²,"Kastani tn 90, Vaksali, Tartu linn, Tartu",21.2 m²,,"Korrus 2/3, ehitusaasta 1977, uus, elektripliit, dušš, uus torustik, keskküte, avatud ..."
375 €  7.55 €/m²,7.55 €/m²,"Kaunase pst. 6, Annelinn, Tartu linn, Tartu",49.7 m²,2,"Korrus 5/5, Korteriomand, paneelmaja, ehitusaasta 1977, heas korras, keraamiline pliit, ..."
370 €  20.6 €/m²,20.6 €/m²,"Riia 26, Kesklinn, Tartu linn, Tartu",18 m²,1,"Kivimaja, ehitusaasta 2016, uus, dušš, saun, uus torustik, keskküte, põrandaküte, avatud ..."
810 €  12.6 €/m²,12.6 €/m²,"Jõe tn 4-9, Karlova, Tartu linn, Tartu",64.4 m²,3,"Korrus 2/3, kivimaja, ehitusaasta 2019, uus, induktsioonpliit, dušš, keskküte, rõdu ..."
300 €  17 €/m²,17 €/m²,"Aleksandri 30, Kesklinn, Tartu linn, Tartu",17.7 m²,1,"Korrus 1/2, Korteriomand, puitmaja, heas korras, elektripliit, köök, avatud köök, mööbli ..."
300 €  11.1 €/m²,11.1 €/m²,"Õnne tn 23, Karlova, Tartu linn, Tartu",27 m²,1,"Korrus 1/2, puitmaja, ehitusaasta 1947, san. remont tehtud, boiler, õhksoojuspump, tahke ..."
400 €  5.15 €/m²,5.15 €/m²,"Kaunase pst. 81, Annelinn, Tartu linn, Tartu",77.7 m²,4,"Korrus 5/9, Korteriomand, paneelmaja, ehitusaasta 1981, heas korras, köök 9 m², ..."
725 €  10.4 €/m²,10.4 €/m²,"Poe 10, Kesklinn, Tartu linn, Tartu",70 m²,2,"Korrus 3/4, Korteriomand, kivimaja, renoveeritud, elektripliit, dušš, saun, uus ..."
195 €  19.5 €/m²,19.5 €/m²,"Ülikooli 1, Vanalinn, Kesklinn, Tartu linn, Tartu",10 m²,1,"Korrus 4/5, Korteriomand, kivimaja, ehitusaasta 2019, renoveeritud, keraamiline pliit, ..."
580 €  9.80 €/m²,9.80 €/m²,"Kivi tn 21, Ülejõe, Tartu linn, Tartu",59.2 m²,2,"Korrus 3/5, Korteriomand, kivimaja, ehitusaasta 2006, uus, elektripliit, dušš, uus ..."
345 €  12.6 €/m²,12.6 €/m²,"Sõpruse pst 17, Ees-Annelinn, Annelinn, Tartu linn, Tartu",27.3 m²,1,"Korteriomand, paneelmaja, ehitusaasta 1995, renoveeritud, elektripliit, dušš, keskküte, ..."
740 €  17 €/m²,17 €/m²,"Siili tn 10, Karlova, Tartu linn, Tartu",44.8 m²,2,"Korrus 4/8, kivimaja, ehitusaasta 2025, uus, elektripliit, dušš, põrandaküte, keskküte, ..."
800 €  24.3 €/m²,24.3 €/m²,"Raekoja plats 4, Radhaus, Kesklinn, Tartu linn, Tartu",32.9 m²,2,"Korrus 1/5, Korteriomand, kivimaja, ehitusaasta 2026, uus, induktsioonpliit, uus ..."
250 €  19.8 €/m²,19.8 €/m²,"Peetri 10, Raadi-Kruusamäe, Tartu linn, Tartu",12.6 m²,1,"Korrus 2/2, Korteriomand, vajab renoveerimist, boiler, dušš, elektriküte, tsentraalne ..."
400 €  16 €/m²,16 €/m²,"Kressi 20, Veeriku, Tartu",25 m²,1,"Korrus 1/2, uus, elektripliit, dušš, põrandaküte, keskküte, avatud köök, külmik, ..."
650 €  16.1 €/m²,16.1 €/m²,"Aleksandri 5, Kesklinn, Tartu linn, Tartu",40.4 m²,2,"Korrus 3/4, Korteriomand, paneelmaja, ehitusaasta 1962, renoveeritud, keraamiline pliit, ..."
980 €  12.6 €/m²,12.6 €/m²,"Aeru 11, Raadi-Kruusamäe, Tartu linn, Tartu",78.1 m²,3,"Korrus 1/2, Korteriomand, valmis, saun, dušš, vann, kaugküte, rõdu 8 m², avatud ..."
750 €  12.4 €/m²,12.4 €/m²,"Fortuuna tn 11, Kesklinn, Tartu linn, Tartu",60.3 m²,2,"Korrus 1/4, Korteriomand, paneelmaja, ehitusaasta 1937, heas korras, dušš, saun, wc ja ..."
520 €  27.2 €/m²,27.2 €/m²,"Pikk tn 40, Ülejõe, Tartu linn, Tartu",19.1 m²,2,"Korrus 1/4, kivimaja, ehitusaasta 2022, uus, induktsioonpliit, uus torustik, dušš, ..."
580 €  8.92 €/m²,8.92 €/m²,"Väike Turu 5, Kesklinn, Tartu linn, Tartu",65 m²,2,"Korrus 18/23, ehitusaasta 2007, heas korras, elektripliit, vann, keskküte, köök, külmik, ..."
450 €  11.7 €/m²,11.7 €/m²,"Pepleri 12, Kesklinn, Tartu linn, Tartu",38.5 m²,2,"Korrus 4/4, Korteriomand, ehitusaasta 1963, heas korras, elektripliit, dušš, keskküte, ..."
430 €  13.4 €/m²,13.4 €/m²,"Ülikooli tn 1, Kesklinn, Tartu linn, Tartu",32 m²,1,"Korrus 4/5, uus, induktsioonpliit, dušš, põrandaküte, keskküte, avatud köök, külmik, ..."
525 €  26.3 €/m²,26.3 €/m²,"Pikk tn 40, Ülejõe, Tartu linn, Tartu",20 m²,2,"Korrus 3/4, kivimaja, ehitusaasta 2023, uus, induktsioonpliit, dušš, uus torustik, ..."
300 €  10.7 €/m²,10.7 €/m²,"Anne, Annelinn, Tartu linn, Tartu",28 m²,1,"Korrus 2/5, renoveeritud, gaasipliit, uus torustik, dušš, keskküte, põrandaküte, avatud ..."
400 €  10.3 €/m²,10.3 €/m²,"Mäe, Raadi-Kruusamäe, Tartu linn, Tartu",38.7 m²,2,"Korrus 1/2, renoveeritud, keraamiline pliit, boiler, uus torustik, dušš, põrandaküte, ..."
300 €  5.61 €/m²,5.61 €/m²,"Võru tn 5, Kesklinn, Tartu linn, Tartu",53.5 m²,2,"Korrus 2/2, Korteriomand, puitmaja, ehitusaasta 1977, heas korras, elektripliit, boiler, ..."
290 €  17.9 €/m²,17.9 €/m²,"Väike kaar 43, Tammelinn, Tartu linn, Tartu",16.2 m²,1,"Korrus 3/5, Korteriomand, kivimaja, heas korras, elektripliit, dušš, keskküte, avatud ..."
450 €  11.9 €/m²,11.9 €/m²,"Anne 30, Ülejõe, Tartu linn, Tartu",37.9 m²,2,"Korrus 4/5, Korteriomand, paneelmaja, valmis, gaasipliit, wc ja vannituba eraldi, dušš, ..."
330 €  11.9 €/m²,11.9 €/m²,"Kalda tee 8, Annelinn, Tartu linn, Tartu",27.8 m²,1,"Korrus 1/5, Korteriomand, paneelmaja, ehitusaasta 1973, keskmises seisukorras, ..."
525 €  11.1 €/m²,11.1 €/m²,"Ropka tn 15a, Ropka, Ropka, Tartu linn, Tartu",47.2 m²,2,"Korrus 3/5, Korteriomand, kivimaja, ehitusaasta 1981, heas korras, elektripliit, köök ..."
650 €  16.7 €/m²,16.7 €/m²,"Küütri tn 2, Kesklinn, Tartu linn, Tartu",39 m²,2,"Korrus 3/3, kivimaja, ehitusaasta 1977, renoveeritud, elektripliit, dušš, uus torustik, ..."
300 €  9.84 €/m²,9.84 €/m²,"Staadioni 29, Ülejõe, Tartu linn, Tartu",30.5 m²,1,"Korrus 1/2, kivimaja, heas korras, dušš, boiler, ahjuküte, elektriküte, avatud köök, ..."
1 100 €  11.1 €/m²,11.1 €/m²,"Ülikooli tn. 11, Kesklinn, Tartu linn, Tartu",99.3 m²,4,"Korrus 3/3, Korteriomand, kivimaja, ehitusaasta 1778, renoveeritud, keraamiline pliit, ..."
500 €  12.3 €/m²,12.3 €/m²,"Kastani tn 38, Kesklinn, Tartu linn, Tartu",40.8 m²,2,"Korrus 1/3, ehitusaasta 1910, heas korras, elektripliit, dušš, keskküte, avatud köök, ..."
600 €  12.2 €/m²,12.2 €/m²,"kvartsi 16, Ränilinn, Tartu linn, Tartu",49.2 m²,2,"Korrus 2/4, ehitusaasta 2021, heas korras, rõdu 11.9 m², avatud köök, mööbel, toad ..."
690 €  13.1 €/m²,13.1 €/m²,"Vahi tn 64a, Raadi-Kruusamäe, Tartu linn, Tartu",52.8 m²,3,"Korrus 6/6, Korteriomand, paneelmaja, ehitusaasta 2024, renoveeritud, köögipind ..."
800 €  22.5 €/m²,22.5 €/m²,"Lai 36c, Vanalinna, Kesklinn, Tartu linn, Tartu",35.6 m²,2,"Korrus 1/3, Korteriomand, kivimaja, ehitusaasta 2026, uus, dušš, keskküte, köök, avatud ..."
350 €  10.5 €/m²,10.5 €/m²,"Uus tn 60, Ees-Annelinna, Annelinn, Tartu linn, Tartu",33.5 m²,1,"Korrus 3/5, Korteriomand, paneelmaja, ehitusaasta 1988, heas korras, elektripliit, wc ja ..."
400 €  10.8 €/m²,10.8 €/m²,"Nisu 33, Veeriku, Tartu linn, Tartu",37 m²,1,"Korrus 1/3, Korteriomand, ehitusaasta 1989, renoveeritud, dušš, vann, wc ja vannituba ..."
260 €  8.93 €/m²,8.93 €/m²,"Ilusa maja -13, Kaimi, Veeriku, Tartu linn, Tartu",29.1 m²,2,"Korrus 2/2, kivimaja, uus, elektripliit, dušš, uus torustik, boiler, tahke kütus, ..."
600 €  11.5 €/m²,11.5 €/m²,"Raatuse tn 101, Jaamamõisa, Ülejõe, Tartu linn, Tartu",52.4 m²,3,"Korrus 2/4, Korteriomand, kivimaja, ehitusaasta 2006, heas korras, elektripliit, köök ..."
300 €  11.1 €/m²,11.1 €/m²,"Aida tn 11, Kesklinn, Tartu linn, Tartu",27 m²,1,"Korrus 4/5, Korteriomand, paneelmaja, ehitusaasta 1968, heas korras, dušš, keskküte, ..."
490 €  10 €/m²,10 €/m²,"Uus tn 9, Ülejõe, Tartu linn, Tartu",48.8 m²,2,"Korrus 2/5, Korteriomand, ehitusaasta 2003, heas korras, mööbel, mööbli võimalus, toad ..."
429 €  11.1 €/m²,11.1 €/m²,"Uus, Ülejõe, Tartu linn, Tartu",38.5 m²,1,"Korrus 4/5, Korteriomand, kivimaja, ehitusaasta 1975, keskmises seisukorras, gaasipliit, ..."
390 €  12.4 €/m²,12.4 €/m²,"Kesk 16, Karlova, Tartu linn, Tartu",31.4 m²,2,"Korrus 2/2, puitmaja, ehitusaasta 1920, heas korras, keraamiline pliit, boiler, dušš, ..."
280 €  14.7 €/m²,14.7 €/m²,"Ujula tn 47, Ülejõe, Tartu linn, Tartu",19.1 m²,1,"Korrus 1/2, Korteriomand, palkmaja, ehitusaasta 1977, heas korras, elektripliit, boiler, ..."
245 €  9.80 €/m²,9.80 €/m²,"Õnne, Karlova, Tartu linn, Tartu",25 m²,1,"Korrus 1/1, vajab san. remonti, elektripliit, boiler, dušš, uus torustik, ahjuküte, ..."
290 €  8.06 €/m²,8.06 €/m²,"Jakobi tn 29, Kesklinn, Tartu linn, Tartu",36 m²,1,"Korrus 1/1, puitmaja, san. remont tehtud, elektripliit, köök 10 m², boiler, dušš, ..."
750 €  10.3 €/m²,10.3 €/m²,"Näituse tn 22a, Tähtvere, Tartu linn, Tartu",72.8 m²,3,"Korrus 4/4, ehitusaasta 2003, valmis, rõdu , mööbel, panipaik, garderoob, parkimine ..."
400 €  11.1 €/m²,11.1 €/m²,"Koidu tn 18, Karlova, Tartu linn, Tartu",36 m²,2,"Korrus 1/2, Korteriomand, renoveeritud, wc ja vannituba eraldi, elektriküte, Internet, ..."
790 €  10.7 €/m²,10.7 €/m²,"Ropka tn 8, Karlova, Tartu linn, Tartu",73.9 m²,4,"Korrus 2/9, heas korras, induktsioonpliit, rõdu , külmik, parkett, keldrikorrus, ..."
550 €  6.13 €/m²,6.13 €/m²,"Tähe tn 91a, Karlova, Tartu linn, Tartu",89.7 m²,3,"Korrus 3/4, Korteriomand, kivimaja, ehitusaasta 1977, keskmises seisukorras, ..."
630 €  9.55 €/m²,9.55 €/m²,"Selleri tn 12, Supilinn, Tartu linn, Tartu",66 m²,3,"Korrus 1/3, ehitusaasta 2010, heas korras, elektripliit, vann, saun, keskküte, rõdu ..."
550 €  11.3 €/m²,11.3 €/m²,"Kristalli 12, Ränilinn, Tartu linn, Tartu",48.9 m²,2,"Korrus 3/3, ehitusaasta 2019, heas korras, keraamiline pliit, dušš, põrandaküte, ..."
275 €  7.43 €/m²,7.43 €/m²,"Tiigi tn 1, Kesklinn, Tartu linn, Tartu",37 m²,2,"Korrus 0/3, kivimaja, ehitusaasta 1963, renoveeritud, uus torustik, dušš, wc ja ..."
630 €  12 €/m²,12 €/m²,"Meloni 31, Supilinn, Tartu linn, Tartu",52.6 m²,2,"Korrus 2/3, Korteriomand, kivimaja, ehitusaasta 2020, heas korras, dušš, keskküte, köök, ..."
395 €  8.59 €/m²,8.59 €/m²,"Mõisavahe tn 18-20, Annelinn, Annelinn, Tartu linn, Tartu",46 m²,2,"Korrus 2/5, ehitusaasta 1983, heas korras, parkimine tasuta, parkett, pakettaknad, ..."
280 €  9.21 €/m²,9.21 €/m²,"Mõisavahe 42, Annelinn, Tartu linn, Tartu",30.4 m²,1,"Korrus 6/9, Korteriomand, paneelmaja, keskmises seisukorras, wc ja vannituba eraldi, ..."
560 €  11.6 €/m²,11.6 €/m²,"Kvartsi tn, Ränilinn, Tartu linn, Tartu",48.1 m²,,"Korrus 2/3, Korteriomand, kivimaja, ehitusaasta 2022, heas korras, elektripliit, dušš, ..."
890 €  10.8 €/m²,10.8 €/m²,"Riia 11, Kesklinn, Tartu linn, Tartu",82.7 m²,3,"Korrus 2/4, Korteriomand, valmis, dušš, boiler, kaugküte, külmik, parkimine tasuta, ..."
395 €  25.7 €/m²,25.7 €/m²,"Pikk 40, Ülejõe, Tartu linn, Tartu",15.4 m²,1,"Korrus 1/4, kivimaja, ehitusaasta 2023, uus, induktsioonpliit, dušš, uus torustik, ..."
525 €  21.9 €/m²,21.9 €/m²,"Lai tn 17-3, Kesklinn, Tartu linn, Tartu",24 m²,1,"Korrus 2/2, Korteriomand, kivimaja, ehitusaasta 2023, uus, vann, põrandaküte, keskküte, ..."
525 €  24.5 €/m²,24.5 €/m²,"Pikk 40, Ülejõe, Tartu linn, Tartu",21.4 m²,1,"Korrus 1/4, kivimaja, ehitusaasta 2023, uus, induktsioonpliit, dušš, uus torustik, ..."
440 €  31.9 €/m²,31.9 €/m²,"Pikk tn 40, Ülejõe, Tartu linn, Tartu",13.8 m²,1,"Korrus 4/4, ehitusaasta 2023, uus, induktsioonpliit, dušš, uus torustik, keskküte, ..."
390 €  11.6 €/m²,11.6 €/m²,"Uus 3, Kesklinn, Tartu linn, Tartu",33.5 m²,1,"Korrus 3/5, Korteriomand, valmis, gaasipliit, wc ja vannituba eraldi, dušš, kaugküte, ..."
320 €  10.6 €/m²,10.6 €/m²,"Mõisavahe 65, Annelinn, Tartu linn, Tartu",30.1 m²,1,"Korrus 3/5, Korteriomand, paneelmaja, ehitusaasta 2001, heas korras, keraamiline pliit, ..."
440 €  28.2 €/m²,28.2 €/m²,"Pikk tn 40, Ülejõe, Tartu linn, Tartu",15.6 m²,1,"Korrus 1/4, kivimaja, ehitusaasta 2023, uus, dušš, uus torustik, keskküte, avatud köök, ..."
505 €  20 €/m²,20 €/m²,"Vallikraavi tn 18, Kesklinn, Tartu linn, Tartu",25.2 m²,1,"Korrus 1/2, Korteriomand, kivimaja, renoveeritud, elektripliit, boiler, uus torustik, ..."
350 €  9.46 €/m²,9.46 €/m²,"Kuu 53, Karlova, Tartu linn, Tartu",37 m²,1,"Korrus 1/2, Kinnistu, puitmaja, heas korras, elektripliit, uus torustik, wc ja vannituba ..."
500 €  7.77 €/m²,7.77 €/m²,"Timuti tn 5, Variku, Tartu linn, Tartu",70.8 m²,3,"Korrus 3/3, Korteriomand, kivimaja, ehitusaasta 1998, renoveeritud, elektripliit, ..."
570 €  9.97 €/m²,9.97 €/m²,"Kalda tee 20, Annelinn, Tartu linn, Tartu",57.2 m²,3,"Korrus 3/5, Korteriomand, ehitusaasta 1975, heas korras, dušš, keskküte, rõdu 2 m², ..."
450 €  25.9 €/m²,25.9 €/m²,"Ujula tn 2-26, Kesklinn, Ülejõe, Tartu linn, Tartu",17.4 m²,1,"Korrus 2/2, ehitusaasta 2026, uus, lift, parkett, pakettaknad, mööbel, TV"